obesity_rate,underweight,healthy_weight,overweight,obese,very_obese,av_bmi_decrease_of_targeted,av_weight_decrease_of_targeted,kcal
0.2906666666666667,0.015366666666666667,0.5494666666666667,0.1445,0.2082,0.08246666666666666,NA,NA,0
0.2895,0.015866666666666668,0.5507333333333333,0.1439,0.20746666666666666,0.08203333333333333,0.019936469963863786,0.04172233618388429,1
0.2881,0.016466666666666668,0.5515333333333333,0.1439,0.20643333333333333,0.08166666666666667,0.03987293992772762,0.08344467236776863,2
0.28683333333333333,0.016866666666666665,0.5526666666666666,0.14363333333333334,0.20556666666666668,0.08126666666666667,0.05980940989159136,0.1251670085516528,3
0.2857,0.0174,0.554,0.1429,0.20463333333333333,0.08106666666666666,0.0797458798554552,0.16688934473553715,4
0.2848333333333333,0.017966666666666666,0.5548333333333333,0.14236666666666667,0.20413333333333333,0.0807,0.09968234981931909,0.20861168091942164,5
0.28386666666666666,0.018566666666666665,0.5557333333333333,0.14183333333333334,0.20376666666666668,0.0801,0.11961881978318283,0.25033401710330583,6
0.2829,0.019366666666666667,0.5558,0.14193333333333333,0.2032,0.0797,0.13955528974704667,0.29205635328719015,7
0.28173333333333334,0.02036666666666667,0.5563666666666667,0.14153333333333334,0.20253333333333334,0.0792,0.15949175971091042,0.33377868947107436,8
0.2805,0.020933333333333335,0.5574,0.14116666666666666,0.2016,0.0789,0.1794282296747743,0.37550102565495885,9
0.27926666666666666,0.021633333333333334,0.5581,0.141,0.20073333333333335,0.07853333333333333,0.19936469963863804,0.417223361838843,10
0.2778,0.022233333333333334,0.5592666666666667,0.1407,0.19973333333333335,0.07806666666666667,0.21930116960250193,0.45894569802272744,11
0.27666666666666667,0.023133333333333332,0.5602666666666667,0.13993333333333333,0.19886666666666666,0.0778,0.23923763956636576,0.5006680342066118,12
0.2754666666666667,0.0238,0.5610666666666667,0.13966666666666666,0.1982,0.07726666666666666,0.2591741095302295,0.542390370390496,13
0.2741,0.0251,0.5612,0.1396,0.19713333333333333,0.07696666666666667,0.2791105794940933,0.5841127065743802,14
0.27313333333333334,0.025933333333333333,0.5622666666666667,0.13866666666666666,0.1965,0.07663333333333333,0.2990470494579571,0.6258350427582645,15
0.2720666666666667,0.026566666666666666,0.5629666666666666,0.1384,0.19576666666666667,0.0763,0.31898351942182096,0.6675573789421491,16
0.2709,0.027366666666666668,0.5634,0.13833333333333334,0.19496666666666668,0.07593333333333334,0.3389199893856848,0.7092797151260334,17
0.2697,0.028233333333333333,0.5641,0.13796666666666665,0.19423333333333334,0.07546666666666667,0.3588564593495486,0.7510020513099177,18
0.2686,0.029533333333333335,0.564,0.13786666666666667,0.19373333333333334,0.07486666666666666,0.37879292931341235,0.7927243874938019,19
0.26793333333333336,0.0304,0.5648333333333333,0.13683333333333333,0.19353333333333333,0.0744,0.3987293992772762,0.8344467236776862,20
0.2666,0.0313,0.5652,0.1369,0.1927,0.0739,0.41866586924113997,0.8761690598615705,21
0.26526666666666665,0.03203333333333333,0.566,0.1367,0.1919,0.07336666666666666,0.43860233920500385,0.9178913960454549,22
0.2639666666666667,0.03286666666666667,0.5666333333333333,0.13653333333333334,0.19086666666666666,0.0731,0.45853880916886763,0.9596137322293392,23
0.2629666666666667,0.0341,0.5667333333333333,0.1362,0.1904,0.07256666666666667,0.47847527913273147,1.0013360684132235,24
0.26176666666666665,0.035133333333333336,0.5675,0.1356,0.1896,0.07216666666666667,0.4984117490965952,1.0430584045971076,25
0.26063333333333333,0.03613333333333334,0.5683666666666667,0.13486666666666666,0.18876666666666667,0.07186666666666666,0.5183482190604591,1.0847807407809922,26
0.2596333333333333,0.037233333333333334,0.5689,0.13423333333333334,0.18836666666666665,0.07126666666666667,0.5382846890243229,1.1265030769648763,27
0.2588666666666667,0.038533333333333336,0.5689,0.1337,0.18793333333333334,0.07093333333333333,0.5582211589881867,1.1682254131487606,28
0.2579666666666667,0.0396,0.5698666666666666,0.13256666666666667,0.18756666666666666,0.0704,0.5781576289520506,1.2099477493326452,29
0.2569,0.0407,0.5703,0.1321,0.18673333333333333,0.07016666666666667,0.5980940989159144,1.2516700855165293,30
0.2559666666666667,0.0419,0.5707,0.13143333333333335,0.18596666666666667,0.07,0.6180305688797781,1.2933924217004138,31
0.25483333333333336,0.043,0.5711333333333334,0.13103333333333333,0.1855,0.06933333333333333,0.6379670388436419,1.335114757884298,32
0.25393333333333334,0.0445,0.5708666666666666,0.1307,0.18506666666666666,0.06886666666666667,0.6579035088075058,1.3768370940681824,33
0.2529,0.04596666666666667,0.5708333333333333,0.1303,0.18443333333333334,0.06846666666666666,0.6778399787713696,1.4185594302520668,34
0.25156666666666666,0.047066666666666666,0.5716,0.12976666666666667,0.18336666666666668,0.0682,0.6977764487352334,1.4602817664359509,35
0.2504,0.0486,0.5717333333333333,0.12926666666666667,0.18256666666666665,0.06783333333333333,0.7177129186990971,1.5020041026198354,36
0.24926666666666666,0.04976666666666667,0.5719333333333333,0.12903333333333333,0.18183333333333335,0.06743333333333333,0.7376493886629609,1.5437264388037195,37
0.2485,0.050866666666666664,0.5720333333333333,0.1286,0.18156666666666665,0.06693333333333333,0.7575858586268247,1.5854487749876038,38
0.2471,0.05216666666666667,0.5723,0.12843333333333334,0.18043333333333333,0.06666666666666667,0.7775223285906886,1.6271711111714882,39
0.2459,0.05333333333333334,0.5725666666666667,0.1282,0.1796,0.0663,0.7974587985545524,1.6688934473553725,40
0.24486666666666668,0.0544,0.5730333333333333,0.1277,0.17896666666666666,0.0659,0.8173952685184163,1.7106157835392568,41
0.24376666666666666,0.05586666666666667,0.5729666666666666,0.1274,0.1781,0.06566666666666666,0.8373317384822799,1.7523381197231411,42
0.24243333333333333,0.0576,0.5727333333333333,0.12723333333333334,0.17706666666666668,0.06536666666666667,0.8572682084461439,1.7940604559070257,43
0.24136666666666667,0.05873333333333333,0.5734333333333334,0.12646666666666667,0.17633333333333334,0.06503333333333333,0.8772046784100077,1.8357827920909098,44
0.24016666666666667,0.05996666666666667,0.5733,0.12656666666666666,0.17556666666666668,0.0646,0.8971411483738715,1.8775051282747943,45
0.23893333333333333,0.061266666666666664,0.5735666666666667,0.12623333333333334,0.1746,0.06433333333333334,0.9170776183377354,1.9192274644586786,46
0.23826666666666665,0.06266666666666666,0.5736666666666667,0.1254,0.1745,0.06376666666666667,0.937014088301599,1.9609498006425625,47
0.2371,0.06433333333333334,0.5737666666666666,0.1248,0.17373333333333332,0.06336666666666667,0.9569505582654629,2.002672136826447,48
0.23616666666666666,0.06573333333333334,0.5736333333333333,0.12446666666666667,0.1732,0.06296666666666667,0.9768870282293267,2.0443944730103314,49
0.23526666666666668,0.06746666666666666,0.573,0.12426666666666666,0.1725,0.06276666666666667,0.9968234981931906,2.0861168091942157,50
0.2341,0.06913333333333334,0.5728333333333333,0.12393333333333334,0.1716,0.0625,1.0167599681570545,2.1278391453781,51
0.23286666666666667,0.07086666666666666,0.5725666666666667,0.1237,0.17053333333333334,0.06233333333333333,1.0366964381209183,2.1695614815619844,52
0.23146666666666665,0.07246666666666667,0.5719333333333333,0.12413333333333333,0.16946666666666665,0.062,1.056632908084782,2.2112838177458682,53
0.23043333333333332,0.0741,0.5715333333333333,0.12393333333333334,0.16886666666666666,0.061566666666666665,1.0765693780486458,2.253006153929753,54
0.22956666666666667,0.07513333333333333,0.5717333333333333,0.12356666666666667,0.16833333333333333,0.061233333333333334,1.0965058480125096,2.2947284901136373,55
0.22833333333333333,0.07713333333333333,0.5710333333333333,0.1235,0.1674,0.06093333333333333,1.1164423179763734,2.336450826297521,56
0.22763333333333333,0.07863333333333333,0.5714666666666667,0.12226666666666666,0.16706666666666667,0.060566666666666664,1.1363787879402374,2.378173162481406,57
0.22686666666666666,0.0806,0.5708666666666666,0.12166666666666667,0.1667,0.06016666666666667,1.1563152579041012,2.4198954986652903,58
0.22593333333333335,0.0822,0.5706666666666667,0.1212,0.1662,0.05973333333333333,1.176251727867965,2.4616178348491746,59
0.22456666666666666,0.0845,0.5699333333333333,0.121,0.1653,0.05926666666666667,1.1961881978318287,2.5033401710330585,60
0.2233,0.08626666666666667,0.5694,0.12103333333333334,0.16423333333333334,0.05906666666666667,1.2161246677956925,2.545062507216943,61
0.22243333333333334,0.08806666666666667,0.569,0.1205,0.16386666666666666,0.05856666666666667,1.2360611377595563,2.5867848434008276,62
0.22166666666666668,0.08996666666666667,0.5686666666666667,0.1197,0.16343333333333335,0.05823333333333333,1.2559976077234203,2.6285071795847115,63
0.22056666666666666,0.09176666666666666,0.5681666666666667,0.1195,0.16256666666666666,0.058,1.2759340776872838,2.670229515768596,64
0.21936666666666665,0.09366666666666666,0.5674333333333333,0.11953333333333334,0.16176666666666667,0.0576,1.2958705476511478,2.7119518519524806,65
0.21866666666666668,0.0952,0.5672,0.11893333333333334,0.16133333333333333,0.05733333333333333,1.3158070176150114,2.753674188136365,66
0.2179,0.09733333333333333,0.5667,0.11806666666666667,0.16076666666666667,0.057133333333333335,1.3357434875788754,2.7953965243202488,67
0.21663333333333334,0.0992,0.5657666666666666,0.1184,0.15976666666666667,0.05686666666666667,1.3556799575427392,2.8371188605041335,68
0.2158,0.10116666666666667,0.5652333333333334,0.1178,0.15933333333333333,0.056466666666666665,1.375616427506603,2.878841196688018,69
0.21473333333333333,0.10293333333333334,0.5646,0.11773333333333333,0.1586,0.056133333333333334,1.3955528974704667,2.9205635328719017,70
0.21373333333333333,0.1047,0.564,0.11756666666666667,0.15803333333333333,0.0557,1.4154893674343305,2.962285869055786,71
0.21283333333333335,0.10686666666666667,0.563,0.1173,0.15736666666666665,0.055466666666666664,1.4354258373981943,3.0040082052396704,72
0.2118,0.1086,0.5625,0.1171,0.15683333333333332,0.054966666666666664,1.455362307362058,3.0457305414235547,73
0.21073333333333333,0.11056666666666666,0.5619666666666666,0.11673333333333333,0.15623333333333334,0.0545,1.475298777325922,3.087452877607439,74
0.20973333333333333,0.1125,0.5616333333333333,0.11613333333333334,0.1553,0.054433333333333334,1.4952352472897859,3.1291752137913234,75
0.20886666666666667,0.11476666666666667,0.5608666666666666,0.1155,0.1547,0.05416666666666667,1.5151717172536496,3.170897549975208,76
0.20806666666666668,0.1166,0.5604333333333333,0.1149,0.1542,0.05386666666666667,1.5351081872175134,3.212619886159092,77
0.2074,0.11896666666666667,0.559,0.11463333333333334,0.15373333333333333,0.05366666666666667,1.5550446571813772,3.2543422223429763,78
0.20636666666666667,0.1209,0.5583333333333333,0.1144,0.1529,0.05346666666666667,1.574981127145241,3.2960645585268606,79
0.20543333333333333,0.1227,0.5577333333333333,0.11413333333333334,0.15216666666666667,0.053266666666666664,1.594917597109105,3.337786894710745,80
0.20486666666666667,0.12473333333333333,0.5571,0.1133,0.1522,0.05266666666666667,1.6148540670729685,3.3795092308946293,81
0.20366666666666666,0.1267,0.5564,0.11323333333333334,0.15136666666666668,0.0523,1.6347905370368325,3.4212315670785136,82
0.20296666666666666,0.12856666666666666,0.5561333333333334,0.11233333333333333,0.1509,0.052066666666666664,1.654727007000696,3.4629539032623975,83
0.20203333333333334,0.13123333333333334,0.5545333333333333,0.1122,0.1503,0.05173333333333333,1.6746634769645603,3.5046762394462823,84
0.20163333333333333,0.1331,0.5539,0.11136666666666667,0.15023333333333333,0.0514,1.694599946928424,3.5463985756301666,85
0.20073333333333335,0.13486666666666666,0.5532333333333334,0.11116666666666666,0.14966666666666667,0.05106666666666667,1.7145364168922879,3.5881209118140514,86
0.19996666666666665,0.13653333333333334,0.5527333333333333,0.11076666666666667,0.14903333333333332,0.05093333333333333,1.7344728868561516,3.6298432479979352,87
0.199,0.1381,0.5522333333333334,0.11066666666666666,0.1483,0.0507,1.7544093568200154,3.6715655841818196,88
0.19783333333333333,0.1404,0.5512333333333334,0.11053333333333333,0.1473,0.05053333333333333,1.7743458267838792,3.713287920365704,89
0.19676666666666667,0.14226666666666668,0.5505333333333333,0.11043333333333333,0.14643333333333333,0.050333333333333334,1.794282296747743,3.7550102565495878,90
0.19586666666666666,0.14403333333333335,0.54990000000000006,0.1102,0.14576666666666666,0.0501,1.814218766711607,3.7967325927334725,91
0.19513333333333333,0.14636666666666667,0.5486666666666666,0.10983333333333334,0.14546666666666666,0.049666666666666665,1.8341552366754708,3.838454928917357,92
0.19403333333333334,0.14846666666666666,0.5478666666666666,0.10963333333333333,0.1448,0.04923333333333333,1.8540917066393345,3.880177265101241,93
0.193,0.1506,0.5466666666666666,0.10973333333333334,0.14406666666666668,0.048933333333333336,1.8740281766031983,3.9218996012851255,94
0.19196666666666667,0.1527,0.5457333333333333,0.1096,0.14323333333333332,0.04873333333333333,1.893964646567062,3.96362193746901,95
0.19096666666666667,0.15486666666666668,0.5446666666666666,0.1095,0.1425,0.048466666666666665,1.9139011165309259,4.005344273652894,96
0.19043333333333334,0.1569,0.5442,0.10846666666666667,0.1423,0.048133333333333334,1.9338375864947897,4.0470666098367785,97
0.18946666666666667,0.15906666666666666,0.5430333333333334,0.10843333333333334,0.14173333333333332,0.047733333333333336,1.9537740564586534,4.088788946020663,98
0.18863333333333332,0.16126666666666667,0.5421,0.108,0.1412,0.047433333333333334,1.9737105264225174,4.130511282204547,99
0.1878,0.16353333333333334,0.5408666666666667,0.10780000000000001,0.14053333333333334,0.047266666666666665,1.9936469963863812,4.172233618388431,100
0.18713333333333335,0.16596666666666668,0.5395333333333333,0.10736666666666667,0.14016666666666666,0.046966666666666664,2.013583466350245,4.213955954572316,101
0.18636666666666668,0.16793333333333332,0.5388666666666667,0.10683333333333334,0.1397,0.04666666666666667,2.033519936314109,4.2556782907562,102
0.18553333333333333,0.16983333333333334,0.538,0.10663333333333333,0.13903333333333334,0.0465,2.0534564062779728,4.297400626940084,103
0.18503333333333333,0.17213333333333333,0.5365666666666666,0.10626666666666666,0.1387,0.04633333333333333,2.0733928762418365,4.339122963123969,104
0.18403333333333333,0.17443333333333333,0.5354,0.10613333333333333,0.13793333333333332,0.0461,2.0933293462057003,4.380845299307852,105
0.18326666666666666,0.17636666666666667,0.5345333333333333,0.10583333333333333,0.13726666666666668,0.046,2.113265816169564,4.4225676354917365,106
0.1822,0.17933333333333334,0.5325666666666666,0.1059,0.13643333333333332,0.045766666666666664,2.133202286133428,4.464289971675622,107
0.18126666666666666,0.1817,0.5316,0.10543333333333334,0.13563333333333333,0.04563333333333333,2.1531387560972917,4.506012307859506,108
0.18033333333333335,0.18373333333333333,0.531,0.10493333333333334,0.13486666666666666,0.04546666666666667,2.1730752260611554,4.54773464404339,109
0.1794,0.18656666666666666,0.5294666666666666,0.10456666666666667,0.1343,0.0451,2.193011696025019,4.589456980227275,110
0.1788,0.18906666666666666,0.5279666666666667,0.10416666666666667,0.13413333333333333,0.04466666666666667,2.2129481659888834,4.631179316411159,111
0.17816666666666667,0.19136666666666666,0.5270333333333334,0.10343333333333334,0.1338,0.044366666666666665,2.2328846359527468,4.672901652595042,112
0.17756666666666668,0.1937,0.5257,0.10303333333333334,0.13333333333333333,0.04423333333333333,2.2528211059166106,4.714623988778927,113
0.17676666666666666,0.19556666666666667,0.5249333333333334,0.10273333333333333,0.13286666666666666,0.0439,2.272757575880475,4.756346324962812,114
0.17593333333333333,0.1973,0.5245,0.10226666666666667,0.13223333333333334,0.0437,2.2926940458443386,4.798068661146696,115
0.17493333333333333,0.19923333333333335,0.5233333333333333,0.1025,0.1314,0.043533333333333334,2.3126305158082023,4.839790997330581,116
0.1742,0.20163333333333333,0.5217,0.10246666666666666,0.13096666666666668,0.04323333333333333,2.332566985772066,4.881513333514465,117
0.17333333333333334,0.20436666666666667,0.52,0.1023,0.1303,0.04303333333333333,2.35250345573593,4.923235669698349,118
0.17253333333333334,0.20646666666666666,0.5193666666666666,0.10163333333333334,0.1297,0.042833333333333334,2.3724399256997937,4.964958005882233,119
0.17183333333333334,0.20883333333333334,0.5180666666666667,0.10126666666666667,0.12926666666666667,0.04256666666666667,2.3923763956636575,5.006680342066117,120
0.17093333333333333,0.21173333333333333,0.5164333333333333,0.1009,0.12876666666666667,0.042166666666666665,2.4123128656275212,5.048402678250002,121
0.17,0.21463333333333334,0.5146333333333334,0.10073333333333333,0.128,0.042,2.432249335591385,5.0901250144338865,122
0.16926666666666668,0.21696666666666667,0.5135,0.10026666666666667,0.12753333333333333,0.04173333333333333,2.452185805555249,5.131847350617771,123
0.16856666666666667,0.21883333333333332,0.5128,0.0998,0.12686666666666666,0.0417,2.4721222755191126,5.173569686801655,124
0.16806666666666667,0.2211,0.5115333333333333,0.0993,0.12653333333333333,0.04153333333333333,2.4920587454829763,5.2152920229855395,125
0.16713333333333333,0.22333333333333333,0.5105333333333333,0.099,0.12576666666666667,0.04136666666666667,2.51199521544684,5.257014359169423,126
0.16636666666666666,0.22623333333333334,0.5086666666666667,0.09873333333333334,0.12506666666666666,0.0413,2.531931685410704,5.298736695353307,127
0.16566666666666666,0.2286,0.5077333333333334,0.098,0.12453333333333333,0.041133333333333334,2.551868155374568,5.340459031537192,128
0.16503333333333334,0.23093333333333332,0.5062,0.09783333333333333,0.12416666666666666,0.04086666666666667,2.5718046253384315,5.382181367721077,129
0.1644,0.23323333333333332,0.5052,0.09716666666666667,0.1237,0.0407,2.5917410953022952,5.423903703904961,130
0.16376666666666667,0.2356,0.5038333333333334,0.0968,0.12326666666666666,0.0405,2.6116775652661595,5.4656260400888454,131
0.1628,0.23803333333333335,0.5025333333333334,0.09663333333333333,0.12256666666666667,0.040233333333333336,2.6316140352300232,5.50734837627273,132
0.1622,0.2404,0.5013,0.0961,0.12216666666666667,0.04003333333333333,2.651550505193887,5.549070712456613,133
0.1616,0.24296666666666666,0.49993333333333334,0.0955,0.1218,0.0398,2.671486975157751,5.5907930486404975,134
0.16093333333333334,0.24546666666666667,0.4983,0.0953,0.12126666666666666,0.03966666666666667,2.6914234451216146,5.632515384824383,135
0.16016666666666668,0.24726666666666666,0.4976,0.09496666666666667,0.1207,0.039466666666666664,2.7113599150854784,5.674237721008266,136
0.15933333333333333,0.2498,0.4960333333333333,0.09483333333333334,0.12016666666666667,0.03916666666666667,2.731296385049342,5.715960057192151,137
0.1587,0.2522333333333333,0.4949,0.09416666666666666,0.11976666666666666,0.038933333333333334,2.751232855013206,5.757682393376036,138
0.15793333333333334,0.2546,0.49346666666666666,0.094,0.1193,0.03863333333333333,2.7711693249770697,5.79940472955992,139
0.15736666666666665,0.257,0.4922,0.09343333333333333,0.11913333333333333,0.038233333333333334,2.7911057949409335,5.8411270657438035,140
0.1566,0.2597,0.4908,0.0929,0.11863333333333333,0.03796666666666667,2.8110422649047972,5.882849401927688,141
0.156,0.262,0.4894,0.0926,0.11833333333333333,0.03766666666666667,2.830978734868661,5.924571738111572,142
0.1551,0.2641,0.4886,0.0922,0.11776666666666667,0.037333333333333336,2.850915204832525,5.966294074295457,143
0.15426666666666666,0.26626666666666665,0.4875333333333333,0.09193333333333334,0.11726666666666667,0.037,2.8708516747963886,6.008016410479342,144
0.15343333333333334,0.26886666666666664,0.4859,0.0918,0.11666666666666667,0.03676666666666667,2.890788144760253,6.049738746663226,145
0.15253333333333333,0.27163333333333334,0.4844333333333333,0.0914,0.11593333333333333,0.0366,2.910724614724116,6.091461082847109,146
0.15156666666666666,0.2739,0.48336666666666667,0.09116666666666666,0.1153,0.03626666666666667,2.93066108468798,6.133183419030994,147
0.15103333333333332,0.2759666666666667,0.48206666666666664,0.09093333333333334,0.115,0.036033333333333334,2.950597554651844,6.174905755214878,148
0.15043333333333334,0.2786,0.4804,0.09056666666666667,0.11446666666666666,0.03596666666666667,2.970534024615708,6.216628091398762,149
0.14973333333333333,0.2812,0.47873333333333334,0.09033333333333333,0.114,0.03573333333333333,2.9904704945795717,6.258350427582648,150
0.14896666666666666,0.2836,0.4772666666666667,0.09016666666666667,0.1135,0.03546666666666667,3.0104069645434355,6.300072763766532,151
0.14846666666666666,0.2858,0.4761,0.08963333333333333,0.11316666666666667,0.0353,3.0303434345072993,6.341795099950416,152
0.1476,0.2879333333333333,0.475,0.08946666666666667,0.1125,0.0351,3.050279904471163,6.3835174361343,153
0.14696666666666666,0.28996666666666665,0.4742,0.08886666666666666,0.11213333333333333,0.034833333333333334,3.070216374435027,6.425239772318184,154
0.14643333333333333,0.2920333333333333,0.47323333333333334,0.0883,0.11173333333333334,0.0347,3.0901528443988906,6.466962108502068,155
0.14573333333333333,0.2944333333333333,0.4719333333333333,0.0879,0.11146666666666667,0.03426666666666667,3.1100893143627544,6.508684444685953,156
0.14516666666666667,0.2964333333333333,0.4710666666666667,0.08733333333333333,0.11116666666666666,0.034,3.130025784326618,6.550406780869837,157
0.1445,0.2986,0.4700666666666667,0.08683333333333333,0.11066666666666666,0.03383333333333333,3.149962254290482,6.592129117053722,158
0.14376666666666665,0.3006333333333333,0.4689,0.0867,0.1102,0.03356666666666667,3.1698987242543457,6.6338514532376065,159
0.1432,0.3030333333333333,0.4674,0.08636666666666666,0.1097,0.0335,3.1898351942182095,6.67557378942149,160
0.1425,0.30566666666666664,0.4655666666666667,0.08626666666666667,0.10903333333333333,0.033466666666666665,3.2097716641820733,6.717296125605374,161
0.14206666666666667,0.3078,0.4643,0.08583333333333333,0.10876666666666666,0.0333,3.2297081341459375,6.759018461789259,162
0.14133333333333334,0.3103666666666667,0.46286666666666665,0.08543333333333333,0.10823333333333333,0.0331,3.249644604109801,6.800740797973143,163
0.14043333333333333,0.313,0.46126666666666666,0.0853,0.1075,0.032933333333333335,3.269581074073665,6.842463134157027,164
0.14006666666666667,0.3157,0.4595,0.08473333333333333,0.1073,0.032766666666666666,3.2895175440375293,6.884185470340912,165
0.13943333333333333,0.3181,0.45816666666666667,0.0843,0.1068,0.032633333333333334,3.309454014001393,6.925907806524797,166
0.1388,0.32066666666666666,0.4563333333333333,0.0842,0.10646666666666667,0.03233333333333333,3.329390483965257,6.96763014270868,167
0.13836666666666667,0.323,0.4552333333333333,0.0834,0.10613333333333333,0.032233333333333336,3.3493269539291206,7.0093524788925645,168
0.13783333333333334,0.32513333333333333,0.4542,0.08283333333333333,0.10593333333333334,0.0319,3.3692634238929844,7.051074815076449,169
0.13706666666666667,0.3272,0.4530666666666667,0.08266666666666667,0.1055,0.031566666666666666,3.389199893856848,7.092797151260333,170
0.13646666666666665,0.32926666666666665,0.4518,0.08246666666666666,0.105,0.031466666666666664,3.409136363820712,7.134519487444218,171
0.1359,0.3313333333333333,0.4506,0.08216666666666667,0.1046,0.0313,3.4290728337845757,7.176241823628102,172
0.1353,0.3338,0.4488666666666667,0.08203333333333333,0.1042,0.0311,3.4490093037484395,7.217964159811987,173
0.13453333333333334,0.3360666666666667,0.44743333333333335,0.08196666666666666,0.10363333333333333,0.0309,3.4689457737123033,7.2596864959958705,174
0.1336,0.33876666666666666,0.4456333333333333,0.082,0.10283333333333333,0.030766666666666668,3.488882243676167,7.301408832179755,175
0.13276666666666667,0.3412,0.4441,0.08193333333333333,0.1021,0.030666666666666665,3.508818713640031,7.343131168363639,176
0.13223333333333334,0.34346666666666664,0.44276666666666664,0.08153333333333333,0.10176666666666667,0.030466666666666666,3.5287551836038946,7.384853504547523,177
0.1315,0.34636666666666666,0.4411,0.08103333333333333,0.1013,0.0302,3.5486916535677584,7.426575840731408,178
0.13086666666666666,0.3489,0.43966666666666665,0.08056666666666666,0.10076666666666667,0.0301,3.5686281235316226,7.468298176915292,179
0.13043333333333335,0.3515333333333333,0.43783333333333335,0.0802,0.10056666666666667,0.029866666666666666,3.588564593495486,7.510020513099177,180
0.1299,0.3541666666666667,0.43606666666666666,0.07986666666666667,0.10026666666666667,0.029633333333333334,3.6085010634593497,7.55174284928306,181
0.12916666666666668,0.35633333333333334,0.43466666666666665,0.07983333333333334,0.09973333333333333,0.029433333333333332,3.628437533423214,7.593465185466945,182
0.12863333333333332,0.3586666666666667,0.43323333333333336,0.07946666666666667,0.0993,0.029333333333333333,3.6483740033870777,7.635187521650829,183
0.1279,0.36096666666666666,0.4316333333333333,0.0795,0.09866666666666667,0.029233333333333333,3.6683104733509415,7.676909857834714,184
0.12733333333333333,0.3632666666666667,0.4302,0.0792,0.09813333333333334,0.0292,3.6882469433148053,7.718632194018598,185
0.1266,0.36566666666666664,0.4285333333333333,0.0792,0.09763333333333334,0.02896666666666667,3.708183413278669,7.760354530202483,186
0.12613333333333332,0.3680333333333333,0.42686666666666667,0.07896666666666667,0.09726666666666667,0.028866666666666665,3.728119883242533,7.802076866386366,187
0.12536666666666665,0.3698666666666667,0.426,0.07876666666666667,0.0967,0.028666666666666667,3.7480563532063966,7.843799202570251,188
0.12463333333333333,0.3719,0.42483333333333334,0.07863333333333333,0.09626666666666667,0.028366666666666665,3.7679928231702604,7.885521538754135,189
0.12383333333333334,0.37433333333333335,0.4234,0.07843333333333333,0.09553333333333333,0.0283,3.787929293134124,7.92724387493802,190
0.1232,0.37596666666666667,0.4227,0.07813333333333333,0.09503333333333333,0.028166666666666666,3.807865763097988,7.968966211121904,191
0.1225,0.3781,0.4212666666666667,0.07813333333333333,0.09446666666666667,0.028033333333333334,3.8278022330618517,8.010688547305788,192
0.12186666666666666,0.38026666666666664,0.4196666666666667,0.0782,0.09393333333333333,0.027933333333333334,3.8477387030257155,8.052410883489673,193
0.12143333333333334,0.38216666666666665,0.4186,0.0778,0.0936,0.027833333333333335,3.8676751729895793,8.094133219673557,194
0.121,0.3843,0.4171666666666667,0.07753333333333333,0.09323333333333333,0.027766666666666665,3.887611642953443,8.135855555857441,195
0.1201,0.3863,0.416,0.0776,0.09256666666666667,0.027533333333333333,3.9075481129173073,8.177577892041326,196
0.1195,0.3891,0.41383333333333333,0.07756666666666667,0.092,0.0275,3.9274845828811706,8.21930022822521,197
0.11903333333333334,0.39076666666666665,0.4128,0.0774,0.09153333333333333,0.0275,3.9474210528450344,8.261022564409094,198
0.11833333333333333,0.393,0.4113,0.07736666666666667,0.09096666666666667,0.027366666666666668,3.9673575228088986,8.302744900592979,199
0.11773333333333333,0.39576666666666666,0.4090666666666667,0.07743333333333334,0.0905,0.02723333333333333,3.9872939927727624,8.344467236776863,200
0.11696666666666666,0.3983,0.40736666666666665,0.07736666666666667,0.0898,0.027166666666666665,4.007230462736627,8.386189572960747,201
0.11646666666666666,0.4,0.4063333333333333,0.0772,0.0894,0.027066666666666666,4.02716693270049,8.427911909144632,202
0.1159,0.4019,0.40526666666666666,0.07693333333333334,0.08903333333333334,0.026866666666666667,4.047103402664354,8.469634245328516,203
0.11566666666666667,0.4041666666666667,0.404,0.07616666666666666,0.08886666666666666,0.0268,4.067039872628218,8.5113565815124,204
0.11523333333333333,0.40603333333333336,0.403,0.07573333333333333,0.0885,0.026733333333333335,4.086976342592082,8.553078917696284,205
0.1146,0.4079,0.4021666666666667,0.07533333333333334,0.08796666666666667,0.026633333333333332,4.1069128125559455,8.594801253880169,206
0.11426666666666667,0.41003333333333336,0.40066666666666667,0.07503333333333333,0.08783333333333333,0.026433333333333333,4.126849282519809,8.636523590064053,207
0.11393333333333333,0.4117,0.3999,0.07446666666666667,0.08766666666666667,0.026266666666666667,4.146785752483673,8.678245926247937,208
0.11333333333333333,0.4143,0.398,0.07436666666666666,0.08723333333333333,0.0261,4.166722222447537,8.719968262431822,209
0.11276666666666667,0.4161,0.39726666666666666,0.07386666666666666,0.08693333333333333,0.025833333333333333,4.186658692411401,8.761690598615704,210
0.11223333333333334,0.4181666666666667,0.3962333333333333,0.07336666666666666,0.08656666666666667,0.025666666666666667,4.206595162375264,8.803412934799589,211
0.11166666666666666,0.42033333333333334,0.3948,0.0732,0.0861,0.025566666666666668,4.226531632339128,8.845135270983475,212
0.1109,0.42183333333333334,0.3942333333333333,0.07303333333333334,0.08546666666666666,0.025433333333333332,4.246468102302992,8.886857607167359,213
0.11023333333333334,0.4237666666666667,0.393,0.073,0.08496666666666666,0.025266666666666666,4.266404572266856,8.928579943351243,214
0.1096,0.4255333333333333,0.392,0.07286666666666666,0.0844,0.0252,4.2863410422307195,8.970302279535128,215
0.109,0.42733333333333334,0.391,0.07266666666666667,0.08396666666666666,0.025033333333333335,4.306277512194583,9.012024615719012,216
0.10856666666666667,0.4286333333333333,0.3903333333333333,0.07246666666666667,0.0836,0.024966666666666668,4.326213982158447,9.053746951902896,217
0.10796666666666667,0.4306333333333333,0.38903333333333334,0.07236666666666666,0.08306666666666666,0.0249,4.346150452122311,9.09546928808678,218
0.10763333333333333,0.4325,0.38776666666666665,0.0721,0.0828,0.024833333333333332,4.366086922086175,9.137191624270665,219
0.1073,0.4342,0.3868,0.0717,0.08253333333333333,0.024766666666666666,4.386023392050038,9.17891396045455,220
0.1065,0.4361333333333333,0.3856,0.07176666666666667,0.08176666666666667,0.024733333333333333,4.405959862013902,9.220636296638434,221
0.1062,0.43803333333333333,0.38456666666666667,0.0712,0.0817,0.0245,4.425896331977766,9.262358632822318,222
0.1058,0.43976666666666664,0.38353333333333334,0.0709,0.08143333333333333,0.024366666666666665,4.44583280194163,9.304080969006202,223
0.10526666666666666,0.4418666666666667,0.3824,0.07046666666666666,0.08096666666666667,0.0243,4.465769271905494,9.345803305190085,224
0.1047,0.44393333333333335,0.3813666666666667,0.07,0.08056666666666666,0.024133333333333333,4.485705741869357,9.38752564137397,225
0.1039,0.4459666666666667,0.3802333333333333,0.0699,0.08,0.0239,4.505642211833222,9.429247977557853,226
0.10333333333333333,0.44783333333333336,0.37916666666666665,0.06966666666666667,0.0796,0.023733333333333332,4.525578681797085,9.47097031374174,227
0.103,0.4494666666666667,0.3779666666666667,0.06956666666666667,0.07936666666666667,0.023633333333333333,4.54551515176095,9.512692649925622,228
0.1026,0.45163333333333333,0.3767,0.06906666666666667,0.07916666666666666,0.023433333333333334,4.5654516217248124,9.554414986109508,229
0.10216666666666667,0.454,0.3751333333333333,0.0687,0.0788,0.023366666666666668,4.585388091688677,9.59613732229339,230
0.10176666666666667,0.4560666666666667,0.37383333333333335,0.06833333333333333,0.07846666666666667,0.0233,4.60532456165254,9.637859658477277,231
0.1013,0.45763333333333334,0.373,0.06806666666666666,0.0782,0.0231,4.625261031616405,9.679581994661161,232
0.101,0.4596,0.3717,0.0677,0.07816666666666666,0.022833333333333334,4.645197501580268,9.721304330845046,233
0.10036666666666667,0.4613,0.3705333333333333,0.0678,0.07776666666666666,0.0226,4.665133971544132,9.76302666702893,234
0.09993333333333333,0.4634,0.36906666666666665,0.0676,0.07746666666666667,0.022466666666666666,4.685070441507995,9.804749003212814,235
0.09926666666666667,0.4654,0.36783333333333335,0.0675,0.07686666666666667,0.0224,4.70500691147186,9.846471339396698,236
0.09876666666666667,0.46713333333333334,0.36696666666666666,0.06713333333333334,0.07643333333333334,0.022333333333333334,4.724943381435723,9.888193675580583,237
0.0982,0.4692,0.36566666666666664,0.06693333333333333,0.076,0.0222,4.744879851399587,9.929916011764465,238
0.09766666666666667,0.4710666666666667,0.3647666666666667,0.0665,0.07556666666666667,0.0221,4.76481632136345,9.97163834794835,239
0.09716666666666667,0.4730666666666667,0.3636333333333333,0.06613333333333334,0.07516666666666667,0.022,4.784752791327315,10.013360684132234,240
0.0966,0.4748,0.36256666666666665,0.06603333333333333,0.07483333333333334,0.021766666666666667,4.804689261291179,10.055083020316118,241
0.09616666666666666,0.4765,0.36133333333333334,0.066,0.07446666666666667,0.0217,4.8246257312550425,10.096805356500004,242
0.0956,0.4783,0.3601666666666667,0.06593333333333333,0.07396666666666667,0.021633333333333334,4.844562201218906,10.138527692683887,243
0.09533333333333334,0.48,0.35923333333333335,0.06543333333333333,0.07383333333333333,0.0215,4.86449867118277,10.180250028867773,244
0.0949,0.48173333333333335,0.3582666666666667,0.0651,0.0736,0.0213,4.884435141146634,10.221972365051657,245
0.09443333333333333,0.4835333333333333,0.35723333333333335,0.0648,0.07316666666666667,0.021266666666666666,4.904371611110498,10.263694701235542,246
0.094,0.4856666666666667,0.3556666666666667,0.06466666666666666,0.07273333333333333,0.021266666666666666,4.924308081074361,10.305417037419426,247
0.09363333333333333,0.4876333333333333,0.35446666666666665,0.06426666666666667,0.07243333333333334,0.0212,4.944244551038225,10.34713937360331,248
0.0932,0.48973333333333335,0.35313333333333335,0.06393333333333333,0.0721,0.0211,4.964181021002089,10.388861709787195,249
0.0929,0.49143333333333333,0.3521,0.06356666666666666,0.072,0.0209,4.984117490965953,10.430584045971079,250
0.09246666666666667,0.49346666666666666,0.35073333333333334,0.06333333333333334,0.07163333333333333,0.020833333333333332,5.0040539609298165,10.472306382154962,251
0.09183333333333334,0.4953666666666667,0.3493,0.0635,0.07113333333333334,0.0207,5.02399043089368,10.514028718338846,252
0.0912,0.4968,0.34836666666666666,0.06363333333333333,0.07053333333333334,0.020666666666666667,5.043926900857544,10.55575105452273,253
0.0907,0.49846666666666667,0.3474333333333333,0.0634,0.07013333333333334,0.020566666666666667,5.063863370821408,10.597473390706616,254
0.0903,0.4997333333333333,0.34676666666666667,0.0632,0.06986666666666666,0.020433333333333335,5.083799840785272,10.639195726890499,255
0.08983333333333333,0.5014333333333333,0.34553333333333336,0.0632,0.0695,0.020333333333333332,5.103736310749135,10.680918063074383,256
0.08936666666666666,0.5029333333333333,0.3445666666666667,0.06313333333333333,0.0691,0.020266666666666665,5.123672780712999,10.72264039925827,257
0.08906666666666667,0.5045333333333333,0.3436,0.0628,0.0689,0.020166666666666666,5.143609250676864,10.764362735442152,258
0.08873333333333333,0.5061333333333333,0.3427,0.062433333333333334,0.0687,0.020033333333333334,5.163545720640727,10.806085071626038,259
0.0884,0.5073,0.3423,0.062,0.06846666666666666,0.019933333333333334,5.183482190604591,10.847807407809922,260
0.08786666666666666,0.5090666666666667,0.3411,0.06196666666666667,0.068,0.019866666666666668,5.203418660568454,10.889529743993807,261
0.08746666666666666,0.5104333333333333,0.34026666666666666,0.06183333333333333,0.06766666666666667,0.0198,5.223355130532319,10.931252080177691,262
0.08696666666666666,0.5122,0.33936666666666665,0.06146666666666667,0.06726666666666667,0.0197,5.243291600496182,10.972974416361575,263
0.08676666666666667,0.5136666666666667,0.33866666666666667,0.0609,0.0671,0.019666666666666666,5.2632280704600465,11.01469675254546,264
0.08643333333333333,0.5153,0.3374333333333333,0.060833333333333336,0.0669,0.019533333333333333,5.283164540423909,11.056419088729342,265
0.0859,0.5168333333333334,0.3367,0.060566666666666664,0.06636666666666667,0.019533333333333333,5.303101010387774,11.098141424913226,266
0.08563333333333334,0.5186,0.3359,0.059866666666666665,0.0662,0.019433333333333334,5.323037480351637,11.13986376109711,267
0.08503333333333334,0.5202333333333333,0.33486666666666665,0.059866666666666665,0.06573333333333334,0.0193,5.342973950315502,11.181586097280995,268
0.08463333333333334,0.5219,0.3337333333333333,0.05973333333333333,0.06536666666666667,0.019266666666666668,5.3629104202793645,11.22330843346488,269
0.0842,0.5238666666666667,0.3324,0.059533333333333334,0.06493333333333333,0.019266666666666668,5.382846890243229,11.265030769648764,270
0.08383333333333333,0.5255,0.3314666666666667,0.0592,0.06466666666666666,0.019166666666666665,5.402783360207092,11.30675310583265,271
0.08356666666666666,0.5272666666666667,0.33026666666666665,0.0589,0.06446666666666667,0.0191,5.422719830170957,11.348475442016532,272
0.0831,0.529,0.3292,0.0587,0.06406666666666666,0.019033333333333333,5.4426563001348205,11.390197778200418,273
0.08256666666666666,0.5312666666666667,0.3277,0.05846666666666667,0.0636,0.018966666666666666,5.462592770098684,11.431920114384303,274
0.08223333333333334,0.5328,0.3268,0.058166666666666665,0.0634,0.018833333333333334,5.482529240062549,11.473642450568187,275
0.0818,0.5343333333333333,0.3258666666666667,0.058,0.063,0.0188,5.502465710026412,11.515364786752071,276
0.08143333333333333,0.5360666666666667,0.325,0.0575,0.0627,0.018733333333333334,5.5224021799902765,11.557087122935956,277
0.08086666666666667,0.5377666666666666,0.3237333333333333,0.057633333333333335,0.06233333333333333,0.018533333333333332,5.542338649954139,11.59880945911984,278
0.0805,0.5395333333333333,0.3228,0.057166666666666664,0.062,0.0185,5.562275119918004,11.640531795303723,279
0.07986666666666667,0.541,0.3219666666666667,0.057166666666666664,0.0615,0.018366666666666667,5.582211589881867,11.682254131487607,280
0.07953333333333333,0.5424666666666667,0.3212333333333333,0.05676666666666667,0.061266666666666664,0.018266666666666667,5.602148059845732,11.723976467671491,281
0.07923333333333334,0.5441333333333334,0.32,0.056633333333333334,0.061066666666666665,0.018166666666666668,5.6220845298095945,11.765698803855377,282
0.07883333333333334,0.5458333333333333,0.31893333333333335,0.0564,0.060733333333333334,0.0181,5.642020999773459,11.80742114003926,283
0.0785,0.5479,0.31766666666666665,0.055933333333333335,0.0605,0.018,5.661957469737322,11.849143476223146,284
0.0782,0.5497666666666666,0.3166,0.055433333333333334,0.060333333333333336,0.017866666666666666,5.681893939701187,11.890865812407029,285
0.07763333333333333,0.5515,0.31553333333333333,0.05533333333333333,0.059866666666666665,0.017766666666666667,5.70183040966505,11.932588148590915,286
0.07703333333333333,0.5530333333333334,0.31483333333333335,0.0551,0.059333333333333335,0.0177,5.721766879628914,11.974310484774799,287
0.0767,0.5547,0.31353333333333333,0.05506666666666667,0.0591,0.0176,5.741703349592777,12.016032820958683,288
0.07636666666666667,0.5561666666666667,0.31253333333333333,0.054933333333333334,0.058833333333333335,0.017533333333333335,5.761639819556642,12.057755157142568,289
0.0759,0.5580333333333334,0.3112,0.05486666666666667,0.05846666666666667,0.017433333333333332,5.781576289520505,12.099477493326452,290
0.07546666666666667,0.5596,0.3103666666666667,0.054566666666666666,0.0581,0.017366666666666666,5.801512759484369,12.141199829510336,291
0.07506666666666667,0.5613333333333334,0.3091,0.0545,0.0579,0.017166666666666667,5.821449229448233,12.182922165694219,292
0.07473333333333333,0.5628666666666666,0.3083,0.0541,0.057666666666666665,0.017066666666666667,5.841385699412097,12.224644501878103,293
0.0744,0.5644666666666667,0.30743333333333334,0.0537,0.057433333333333336,0.016966666666666668,5.861322169375961,12.266366838061987,294
0.07413333333333333,0.5659666666666666,0.3067,0.0532,0.0573,0.016833333333333332,5.8812586393398245,12.308089174245874,295
0.0737,0.5673666666666667,0.3058666666666667,0.053066666666666665,0.056933333333333336,0.016766666666666666,5.901195109303688,12.349811510429756,296
0.07336666666666666,0.5687666666666666,0.3048,0.053066666666666665,0.056666666666666664,0.0167,5.921131579267552,12.39153384661364,297
0.0731,0.5699,0.3041,0.0529,0.0565,0.0166,5.941068049231416,12.433256182797525,298
0.07273333333333333,0.5713,0.3033,0.05266666666666667,0.056266666666666666,0.016466666666666668,5.96100451919528,12.47497851898141,299
0.07236666666666666,0.5726666666666667,0.30243333333333333,0.052533333333333335,0.05603333333333333,0.01633333333333333,5.980940989159143,12.516700855165293,300
0.0719,0.5741,0.3016,0.0524,0.0557,0.0162,6.000877459123007,12.55842319134918,301
0.07153333333333334,0.5755,0.3006666666666667,0.0523,0.0554,0.016133333333333333,6.020813929086871,12.600145527533064,302
0.07126666666666667,0.5771666666666667,0.29956666666666665,0.052,0.055233333333333336,0.016033333333333333,6.040750399050735,12.641867863716948,303
0.0711,0.5786,0.2987666666666667,0.051533333333333334,0.0551,0.016,6.0606868690145985,12.683590199900832,304
0.07076666666666667,0.5799666666666666,0.29786666666666667,0.0514,0.05486666666666667,0.0159,6.080623338978462,12.725312536084717,305
0.07026666666666667,0.5814333333333334,0.2969,0.0514,0.054433333333333334,0.015833333333333335,6.100559808942326,12.7670348722686,306
0.06986666666666666,0.5828,0.2958,0.051533333333333334,0.05413333333333333,0.015733333333333332,6.12049627890619,12.808757208452484,307
0.06946666666666666,0.5842333333333334,0.2947,0.0516,0.0538,0.015666666666666666,6.140432748870054,12.850479544636368,308
0.06906666666666667,0.5859,0.29373333333333335,0.0513,0.05363333333333333,0.015433333333333334,6.160369218833918,12.892201880820252,309
0.0688,0.5875666666666667,0.29246666666666665,0.051166666666666666,0.05343333333333333,0.015366666666666667,6.180305688797781,12.933924217004137,310
0.068533333333333335,0.5891333333333333,0.2916,0.05073333333333333,0.0532,0.015333333333333332,6.200242158761646,12.975646553188021,311
0.06813333333333334,0.5902666666666667,0.2909,0.0507,0.0529,0.015233333333333333,6.220178628725509,13.017368889371907,312
0.0678,0.5919333333333333,0.28973333333333334,0.05053333333333333,0.05263333333333333,0.015166666666666667,6.240115098689373,13.05909122555579,313
0.06753333333333333,0.5933333333333334,0.28873333333333334,0.0504,0.05243333333333333,0.0151,6.260051568653236,13.100813561739676,314
0.0671,0.5947666666666667,0.2879333333333333,0.0502,0.052033333333333334,0.015066666666666667,6.279988038617101,13.142535897923558,315
0.06673333333333334,0.5959333333333333,0.28733333333333333,0.05,0.051666666666666666,0.015066666666666667,6.299924508580964,13.184258234107444,316
0.06646666666666666,0.5973,0.28636666666666666,0.04986666666666666,0.051533333333333334,0.014933333333333333,6.3198609785448285,13.225980570291329,317
0.06616666666666667,0.5987333333333333,0.2854333333333333,0.049666666666666665,0.0513,0.014866666666666667,6.3397732717272675,13.267669242724757,318
0.06583333333333333,0.6001,0.2845666666666667,0.0495,0.05096666666666667,0.014866666666666667,6.359708495037952,13.309389843068754,319
0.06536666666666667,0.6014333333333334,0.28363333333333335,0.04956666666666667,0.0506,0.014766666666666668,6.379643718348637,13.351110443412754,320
0.06506666666666666,0.6028,0.28273333333333334,0.0494,0.050366666666666664,0.0147,6.399578941659323,13.392831043756752,321
0.06476666666666667,0.6042,0.2819,0.049133333333333334,0.050133333333333335,0.014633333333333333,6.419514164970008,13.434551644100749,322
0.06466666666666666,0.6056666666666667,0.281,0.048666666666666664,0.0501,0.014566666666666667,6.439449388280693,13.476272244444747,323
0.0643,0.6071333333333333,0.27996666666666664,0.0486,0.049833333333333334,0.014466666666666666,6.4593846115913776,13.517992844788743,324
0.064,0.6081,0.27963333333333334,0.048266666666666666,0.0496,0.0144,6.479319834902062,13.559713445132743,325
0.06363333333333333,0.6094,0.27886666666666665,0.0481,0.0493,0.014333333333333333,6.499255058212748,13.60143404547674,326
0.0633,0.6107,0.2783333333333333,0.04766666666666667,0.04906666666666667,0.014233333333333334,6.519190281523432,13.64315464582074,327
0.06316666666666666,0.6120666666666666,0.2775,0.047266666666666665,0.048966666666666665,0.0142,6.539125504834118,13.684875246164736,328
0.063,0.6136333333333334,0.2764333333333333,0.046933333333333334,0.0489,0.0141,6.559060728144803,13.726595846508738,329
0.06263333333333333,0.6150666666666667,0.27553333333333335,0.046766666666666665,0.048666666666666664,0.013966666666666667,6.5789959514554885,13.768316446852735,330
0.06233333333333333,0.6162666666666666,0.27503333333333335,0.04636666666666667,0.048433333333333335,0.0139,6.5989311747661725,13.810037047196733,331
0.0622,0.6175333333333334,0.2741,0.04616666666666667,0.0483,0.0139,6.618866398076857,13.851757647540731,332
0.06186666666666667,0.6190666666666667,0.273,0.046066666666666665,0.048,0.013866666666666666,6.638801621387543,13.89347824788473,333
0.06146666666666667,0.6202666666666666,0.27236666666666665,0.0459,0.04766666666666667,0.0138,6.658736844698228,13.935198848228726,334
0.061266666666666664,0.6213333333333333,0.27163333333333334,0.045766666666666664,0.0476,0.013666666666666667,6.678672068008914,13.976919448572724,335
0.060866666666666666,0.6227333333333334,0.2705,0.0459,0.0472,0.013666666666666667,6.698607291319598,14.018640048916723,336
0.06063333333333333,0.6239,0.27003333333333335,0.04543333333333333,0.04703333333333334,0.0136,6.718542514630283,14.060360649260721,337
0.060333333333333336,0.6249333333333333,0.2696,0.04513333333333333,0.046766666666666665,0.013566666666666666,6.738477737940968,14.10208124960472,338
0.06013333333333333,0.6263,0.2685666666666667,0.045,0.04666666666666667,0.013466666666666667,6.758412961251653,14.143801849948717,339
0.059866666666666665,0.6276333333333334,0.26766666666666666,0.044833333333333336,0.04643333333333333,0.013433333333333334,6.778348184562339,14.185522450292716,340
0.059566666666666664,0.6287,0.2672,0.044533333333333334,0.0462,0.013366666666666667,6.798283407873023,14.227243050636714,341
0.059333333333333335,0.6298666666666667,0.26653333333333334,0.04426666666666667,0.04596666666666667,0.013366666666666667,6.818218631183708,14.268963650980714,342
0.05906666666666667,0.6308666666666667,0.2660666666666667,0.044,0.0458,0.013266666666666666,6.838153854494394,14.31068425132471,343
0.058833333333333335,0.6323666666666666,0.26516666666666666,0.043633333333333336,0.0456,0.013233333333333333,6.8580890778050785,14.35240485166871,344
0.0585,0.6333333333333333,0.26476666666666665,0.0434,0.04533333333333334,0.013166666666666667,6.878024301115763,14.394125452012707,345
0.0583,0.635,0.26356666666666667,0.043133333333333336,0.04526666666666666,0.013033333333333333,6.897959524426448,14.435846052356707,346
0.0581,0.6364,0.2624,0.0431,0.045066666666666665,0.013033333333333333,6.917894747737133,14.477566652700702,347
0.0579,0.6376666666666667,0.26163333333333333,0.0428,0.04496666666666667,0.012933333333333333,6.937829971047819,14.519287253044704,348
0.0576,0.6388333333333334,0.2608666666666667,0.0427,0.04466666666666667,0.012933333333333333,6.957765194358503,14.561007853388698,349
0.0573,0.6401333333333333,0.2601,0.042466666666666666,0.04446666666666667,0.012833333333333334,6.977700417669189,14.602728453732698,350
0.05703333333333333,0.6418666666666667,0.2588666666666667,0.04223333333333333,0.044333333333333336,0.0127,6.9976356409798735,14.644449054076695,351
0.0567,0.6432666666666667,0.2578666666666667,0.042166666666666665,0.044033333333333334,0.012666666666666666,7.017570864290559,14.686169654420693,352
0.056466666666666665,0.6445,0.2572,0.041833333333333333,0.043833333333333335,0.012633333333333333,7.037506087601244,14.727890254764691,353
0.05636666666666667,0.6460333333333333,0.25616666666666665,0.041433333333333336,0.0438,0.012566666666666667,7.057441310911928,14.76961085510869,354
0.0562,0.6473666666666666,0.25516666666666665,0.04126666666666667,0.04376666666666667,0.012433333333333333,7.077376534222614,14.81133145545269,355
0.05586666666666667,0.6487,0.25433333333333336,0.0411,0.043533333333333334,0.012333333333333333,7.097311757533299,14.853052055796686,356
0.0557,0.6499666666666667,0.2535,0.04083333333333333,0.04346666666666667,0.012233333333333334,7.117246980843984,14.894772656140686,357
0.0555,0.6515,0.2522333333333333,0.040766666666666666,0.04326666666666667,0.012233333333333334,7.137158262409473,14.936458492472116,358
0.055233333333333336,0.6525666666666666,0.2516333333333333,0.04056666666666667,0.04303333333333333,0.0122,7.157092290258726,14.97817735697623,359
0.055,0.6540666666666667,0.25056666666666666,0.04036666666666667,0.0429,0.0121,7.177026318107979,15.01989622148034,360
0.05483333333333333,0.6553333333333333,0.2499,0.039933333333333335,0.04276666666666667,0.012066666666666667,7.1969603459572316,15.061615085984451,361
0.054566666666666666,0.6568333333333334,0.2487,0.0399,0.04253333333333333,0.012033333333333333,7.216894373806484,15.103333950488562,362
0.0542,0.6581333333333333,0.24786666666666668,0.0398,0.042333333333333334,0.011866666666666666,7.236828401655738,15.145052814992676,363
0.054,0.6596666666666666,0.24696666666666667,0.03936666666666667,0.04223333333333333,0.011766666666666667,7.25676242950499,15.186771679496788,364
0.0538,0.6608666666666667,0.2461,0.039233333333333335,0.042166666666666665,0.011633333333333334,7.276696457354244,15.2284905440009,365
0.053366666666666666,0.6619666666666667,0.24523333333333333,0.039433333333333334,0.04186666666666667,0.0115,7.2966304852034956,15.27020940850501,366
0.05313333333333333,0.6631333333333334,0.24446666666666667,0.039266666666666665,0.041633333333333335,0.0115,7.316564513052748,15.311928273009125,367
0.0529,0.6641,0.24386666666666668,0.03913333333333333,0.041466666666666666,0.011433333333333334,7.336498540902001,15.353647137513237,368
0.05263333333333333,0.6654666666666667,0.24283333333333335,0.039066666666666666,0.04126666666666667,0.011366666666666667,7.356432568751254,15.395366002017349,369
0.052366666666666666,0.6665333333333333,0.24213333333333334,0.03896666666666666,0.041,0.011366666666666667,7.376366596600508,15.437084866521461,370
0.05226666666666667,0.6677666666666666,0.2413,0.03866666666666667,0.040933333333333335,0.011333333333333334,7.396277820812246,15.478769734427818,371
0.052033333333333334,0.6689333333333334,0.2405,0.038533333333333336,0.0407,0.011333333333333334,7.416210684325473,15.520486863092046,372
0.051866666666666665,0.6701,0.23973333333333333,0.0383,0.04053333333333333,0.011333333333333334,7.436143547838699,15.56220399175627,373
0.05163333333333334,0.6713,0.23896666666666666,0.0381,0.040433333333333335,0.0112,7.456076411351925,15.603921120420498,374
0.051366666666666665,0.6723666666666667,0.23833333333333334,0.03793333333333333,0.04016666666666667,0.0112,7.476009274865151,15.645638249084723,375
0.0511,0.6734,0.23766666666666666,0.03783333333333333,0.0399,0.0112,7.495942138378378,15.68735537774895,376
0.05093333333333333,0.6747,0.23696666666666666,0.0374,0.039766666666666665,0.011166666666666667,7.5158750018916045,15.729072506413175,377
0.05056666666666667,0.6762,0.23586666666666667,0.037366666666666666,0.0394,0.011166666666666667,7.535807865404831,15.770789635077401,378
0.050333333333333334,0.6776666666666666,0.23483333333333334,0.03716666666666667,0.03916666666666667,0.011166666666666667,7.555740728918057,15.812506763741624,379
0.049966666666666666,0.6788,0.23423333333333332,0.037,0.03886666666666667,0.0111,7.575673592431284,15.854223892405852,380
0.04976666666666667,0.6798666666666666,0.23363333333333333,0.03673333333333333,0.03866666666666667,0.0111,7.59560645594451,15.895941021070078,381
0.04936666666666667,0.6808666666666666,0.23316666666666666,0.0366,0.0383,0.011066666666666667,7.615539319457736,15.937658149734304,382
0.049166666666666664,0.6824333333333333,0.23196666666666665,0.03643333333333333,0.03833333333333333,0.010833333333333334,7.635450141454283,15.979340451722141,383
0.04873333333333333,0.6833333333333333,0.23136666666666666,0.036566666666666664,0.038,0.010733333333333333,7.655359573024992,16.021020948696876,384
0.04856666666666667,0.6845,0.2306,0.036333333333333336,0.037866666666666667,0.0107,7.675290227001922,16.062734605681328,385
0.0485,0.6855,0.23,0.036,0.0379,0.0106,7.695198462590396,16.104414895136404,386
0.048233333333333336,0.6869333333333333,0.2291,0.03573333333333333,0.037766666666666664,0.010466666666666668,7.71512795032177,16.146126816280972,387
0.04803333333333333,0.6883666666666667,0.22826666666666667,0.035333333333333335,0.037566666666666665,0.010466666666666668,7.735057438053143,16.187838737425537,388
0.0478,0.6896333333333333,0.22743333333333332,0.035133333333333336,0.0375,0.0103,7.754986925784517,16.22955065857011,389
0.0478,0.6905666666666667,0.2269,0.03473333333333333,0.037533333333333335,0.010266666666666667,7.774894707916139,16.271228935492417,390
0.04756666666666667,0.6915333333333333,0.2265,0.0344,0.0374,0.010166666666666666,7.794823075768875,16.3129391207971,391
0.0473,0.6927333333333333,0.2256,0.03436666666666666,0.03716666666666667,0.010133333333333333,7.81472810036663,16.354615523533084,392
0.0471,0.6936,0.22496666666666668,0.034333333333333334,0.037,0.0101,7.834655268779696,16.39632397299788,393
0.04683333333333333,0.6947333333333333,0.22423333333333334,0.0342,0.03673333333333333,0.0101,7.85458243719276,16.438032422462673,394
0.046533333333333336,0.6963,0.22303333333333333,0.034133333333333335,0.03643333333333333,0.0101,7.874509605605826,16.47974087192747,395
0.0463,0.6971666666666667,0.22253333333333333,0.034,0.03623333333333333,0.010066666666666666,7.8944367740188905,16.521449321392264,396
0.0462,0.6979666666666666,0.22223333333333334,0.0336,0.03613333333333334,0.010066666666666666,7.914363942431956,16.56315777085706,397
0.046,0.6988666666666666,0.2217,0.033433333333333336,0.03596666666666667,0.010033333333333333,7.934291110845022,16.604866220321856,398
0.045766666666666664,0.6999333333333333,0.2209,0.0334,0.035833333333333335,0.009933333333333334,7.954218279258087,16.646574669786652,399
0.045533333333333335,0.7011333333333334,0.22006666666666666,0.03326666666666667,0.035633333333333336,0.0099,7.974145447671153,16.688283119251444,400
0.0454,0.7023,0.2193,0.033,0.03556666666666667,0.009833333333333333,7.994072616084217,16.72999156871624,401
0.0452,0.7036666666666667,0.21826666666666666,0.03286666666666667,0.03546666666666667,0.009733333333333333,8.013957305532529,16.771631069579257,402
0.0451,0.7047333333333333,0.2175,0.03266666666666666,0.035366666666666664,0.009733333333333333,8.03388233505722,16.813336047364277,403
0.04493333333333333,0.7058,0.21663333333333334,0.032633333333333334,0.03526666666666667,0.009666666666666667,8.0537865649621,16.85500641250197,404
0.04473333333333333,0.7070333333333333,0.2159,0.03233333333333333,0.03506666666666667,0.009666666666666667,8.073710551376472,16.896709654447108,405
0.04463333333333333,0.7082,0.21516666666666667,0.032,0.03496666666666667,0.009666666666666667,8.093543641030044,16.938273892417175,406
0.04446666666666667,0.7094,0.21446666666666667,0.03166666666666667,0.034833333333333334,0.009633333333333334,8.113463087078635,16.979970191002764,407
0.0441,0.7106,0.21356666666666665,0.031733333333333336,0.0345,0.0096,8.133360833401257,17.02163160024815,408
0.04396666666666667,0.7115666666666667,0.213,0.031466666666666664,0.03443333333333334,0.009533333333333333,8.153279199829264,17.063326162993857,409
0.043866666666666665,0.7128333333333333,0.21213333333333334,0.031166666666666665,0.034466666666666666,0.0094,8.173175502962582,17.104985698052918,410
0.04373333333333333,0.7139,0.21153333333333332,0.030833333333333334,0.0344,0.009333333333333334,8.193092776017016,17.146678524958737,411
0.04346666666666667,0.715,0.2107,0.030833333333333334,0.0342,0.009266666666666666,8.213010049071448,17.188371351864557,412
0.043166666666666666,0.7162,0.20983333333333334,0.0308,0.0339,0.009266666666666666,8.232907641174236,17.230030610230738,413
0.04303333333333333,0.7173333333333334,0.2091,0.030533333333333332,0.03376666666666667,0.009266666666666666,8.252823896520386,17.271721701296674,414
0.04273333333333333,0.7181333333333333,0.20836666666666667,0.030766666666666668,0.0336,0.009133333333333334,8.272699977183263,17.31334537859045,415
0.04256666666666667,0.7194,0.2073,0.030733333333333335,0.033433333333333336,0.009133333333333334,8.292614163610395,17.355032997976615,416
0.042333333333333334,0.7203333333333334,0.20676666666666665,0.030566666666666666,0.03326666666666667,0.009066666666666667,8.312506123736979,17.396686772130263,417
0.042133333333333335,0.7215666666666667,0.20596666666666666,0.030333333333333334,0.033133333333333334,0.009,8.332419170231063,17.438372655676535,418
0.04203333333333333,0.7225,0.20543333333333333,0.030033333333333332,0.03306666666666667,0.008966666666666666,8.352272429018422,17.47995658848595,419
0.041666666666666664,0.7234,0.20473333333333332,0.0302,0.032766666666666666,0.0089,8.372182421629153,17.521637264512563,420
0.0414,0.7242333333333333,0.20426666666666668,0.0301,0.0325,0.0089,8.392051741622463,17.5632496966884,421
0.04126666666666667,0.7250666666666666,0.20383333333333334,0.029833333333333333,0.0324,0.008866666666666667,8.41193943372926,17.604892709936625,422
0.040966666666666665,0.7259333333333333,0.20323333333333332,0.029866666666666666,0.03216666666666667,0.0088,8.431763424245531,17.64643113735626,423
0.04083333333333333,0.7267,0.20276666666666668,0.0297,0.03206666666666667,0.008766666666666667,8.451666120116165,17.68809966250367,424
0.040633333333333334,0.7277666666666667,0.20193333333333333,0.029666666666666668,0.0319,0.008733333333333333,8.471568815986801,17.729768187651086,425
0.04033333333333333,0.7286666666666667,0.20136666666666667,0.029633333333333334,0.03163333333333333,0.0087,8.491471511857435,17.7714367127985,426
0.04013333333333333,0.7297666666666667,0.20066666666666666,0.029433333333333332,0.031433333333333334,0.0087,8.511352625160175,17.813070700981203,427
0.04003333333333333,0.7308333333333333,0.19986666666666666,0.029266666666666667,0.0314,0.008633333333333333,8.531232914954089,17.8547028841508,428
0.0399,0.7317,0.1994,0.029,0.0313,0.0086,8.551113157856742,17.896333262307294,429
0.03966666666666667,0.7326333333333334,0.19883333333333333,0.028866666666666665,0.031066666666666666,0.0086,8.57099237520206,17.93796183545068,430
0.03936666666666667,0.7336666666666667,0.19813333333333333,0.028833333333333332,0.030766666666666668,0.0086,8.590870845125538,17.979588603580964,431
0.039233333333333335,0.7346333333333334,0.1975,0.028633333333333334,0.0307,0.008533333333333334,8.610768356762621,18.021248449528947,432
0.038933333333333334,0.7361,0.1965,0.028466666666666668,0.030533333333333332,0.0084,8.630602351971822,18.062803439464847,433
0.03866666666666667,0.7372666666666666,0.19566666666666666,0.0284,0.030266666666666667,0.0084,8.65049670915891,18.104458077893174,434
0.038533333333333336,0.7383,0.19486666666666666,0.0283,0.030166666666666668,0.008366666666666666,8.670391066345996,18.1461127163215,435
0.03843333333333333,0.7392666666666666,0.19436666666666666,0.027933333333333334,0.0302,0.008233333333333334,8.690165476624944,18.187566397607714,436
0.038233333333333334,0.7403,0.19346666666666668,0.028,0.030033333333333332,0.0082,8.71005361730362,18.22921062099672,437
0.038066666666666665,0.7409,0.19316666666666665,0.027866666666666668,0.029933333333333333,0.008133333333333333,8.72987921916014,18.270753950775358,438
0.037866666666666667,0.7418,0.19266666666666668,0.027666666666666666,0.029766666666666667,0.0081,8.749764131962,18.31239296664471,439
0.037766666666666664,0.7423333333333333,0.19236666666666666,0.027533333333333333,0.029666666666666668,0.0081,8.769568186617777,18.353896904314468,440
0.0375,0.7434666666666667,0.19146666666666667,0.027566666666666666,0.029466666666666665,0.008033333333333333,8.789448943107352,18.395528976824274,441
0.0374,0.7443666666666666,0.19103333333333333,0.0272,0.0294,0.008,8.809272420091329,18.437059325645073,442
0.037366666666666666,0.7455333333333334,0.19013333333333332,0.026966666666666667,0.0294,0.007966666666666667,8.829150244283085,18.47868619063522,443
0.03713333333333333,0.7467333333333334,0.18933333333333333,0.0268,0.029166666666666667,0.007966666666666667,8.848968312500876,18.520210916897046,444
0.036833333333333336,0.7477666666666667,0.18873333333333334,0.02666666666666667,0.028866666666666665,0.007966666666666667,8.868843090047992,18.561832574367532,445
0.0367,0.7486666666666667,0.1881,0.026533333333333332,0.0288,0.0079,8.888642151774482,18.603317493481164,446
0.03663333333333333,0.7496333333333334,0.1874,0.026333333333333334,0.0288,0.007833333333333333,8.908513084590844,18.64493220759211,447
0.0363,0.7507333333333334,0.1865,0.026466666666666666,0.028466666666666668,0.007833333333333333,8.928285786989937,18.686375307024793,448
0.036166666666666666,0.7515,0.18596666666666667,0.026366666666666667,0.028366666666666665,0.0078,8.94815175192482,18.727981341936307,449
0.036066666666666664,0.7527666666666667,0.18493333333333334,0.026233333333333334,0.028366666666666665,0.0077,8.967912547258397,18.769415070437365,450
0.0359,0.7538666666666667,0.18413333333333334,0.0261,0.0282,0.0077,8.987773214723841,18.81101242614945,451
0.03573333333333333,0.7548333333333334,0.1835,0.025933333333333333,0.0281,0.007633333333333333,9.00755083285233,18.85247138334741,452
0.03556666666666667,0.7555666666666667,0.1829,0.025966666666666666,0.027933333333333334,0.007633333333333333,9.02740733378889,18.89406179569995,453
0.0355,0.7563666666666666,0.1823,0.025833333333333333,0.027933333333333334,0.007566666666666667,9.047180304802344,18.93551325615261,454
0.0353,0.7572333333333333,0.18173333333333333,0.025733333333333334,0.027766666666666665,0.007533333333333334,9.066992634932028,18.977027110849228,455
0.03496666666666667,0.7581666666666667,0.18106666666666665,0.0258,0.027466666666666667,0.0075,9.086556997926536,19.018118839662737,456
0.034866666666666664,0.7592,0.1802,0.025733333333333334,0.027433333333333334,0.0074333333333333335,9.106393097195216,19.05967453521755,457
0.03456666666666667,0.7602,0.1795,0.025733333333333334,0.02723333333333333,0.007333333333333333,9.126102272757603,19.10102180943195,458
0.03443333333333334,0.7610666666666667,0.17886666666666667,0.025633333333333334,0.027266666666666668,0.007166666666666667,9.145832308493352,19.14240000407545,459
0.0341,0.7619666666666667,0.17823333333333333,0.0257,0.026933333333333333,0.007166666666666667,9.165656882369714,19.183936605391516,460
0.033933333333333336,0.7630333333333333,0.17726666666666666,0.025766666666666667,0.0268,0.0071333333333333335,9.18534227824263,19.225238318061717,461
0.03386666666666667,0.7636333333333334,0.17696666666666666,0.025533333333333335,0.026733333333333335,0.0071333333333333335,9.205159652387811,19.266762768498584,462
0.0336,0.7645,0.17646666666666666,0.025433333333333332,0.0265,0.0071,9.22482469304355,19.308017667997223,463
0.03356666666666667,0.7657333333333334,0.17553333333333335,0.025166666666666667,0.0265,0.007066666666666666,9.244614783103698,19.349494468674507,464
0.033433333333333336,0.7665666666666666,0.1749,0.0251,0.026433333333333333,0.007,9.26416482746582,19.39056347777408,465
0.033433333333333336,0.7674333333333333,0.17433333333333334,0.0248,0.026466666666666666,0.006966666666666667,9.283939335811443,19.43201583834652,466
0.0333,0.7682,0.17386666666666667,0.024633333333333333,0.026366666666666667,0.006933333333333333,9.303595514331494,19.47326257054491,467
0.033133333333333334,0.7689333333333334,0.17343333333333333,0.0245,0.0262,0.006933333333333333,9.32338266368389,19.514734945785193,468
0.032933333333333335,0.7698666666666667,0.1728,0.0244,0.026033333333333332,0.0069,9.342976246072523,19.55586623195953,469
0.0328,0.7705333333333333,0.17216666666666666,0.0245,0.0259,0.0069,9.362753544588587,19.597321248800952,470
0.03266666666666666,0.7711666666666667,0.17176666666666668,0.0244,0.0258,0.006866666666666667,9.38241674686762,19.63857078212417,471
0.0325,0.7718666666666667,0.17133333333333334,0.0243,0.025633333333333334,0.006866666666666667,9.402188262356386,19.680015383926275,472
0.0323,0.7729,0.1706,0.0242,0.0255,0.0068,9.421719409243,19.72104735853471,473
0.0322,0.7738,0.17003333333333334,0.023966666666666667,0.025466666666666665,0.006733333333333333,9.441478790541485,19.76247113025818,474
0.03203333333333333,0.7748333333333334,0.16913333333333333,0.024,0.0253,0.006733333333333333,9.461062285125697,19.80358418646845,475
0.031766666666666665,0.7755333333333333,0.1686,0.0241,0.025033333333333335,0.006733333333333333,9.480812822963044,19.844992335632945,476
0.03136666666666667,0.7765333333333333,0.16783333333333333,0.024266666666666666,0.024633333333333333,0.006733333333333333,9.50030650177772,19.885949541663553,477
0.031166666666666665,0.7771666666666667,0.16736666666666666,0.0243,0.024466666666666668,0.0067,9.520024579799088,19.92730039344396,478
0.030966666666666667,0.7782,0.1667,0.024133333333333333,0.024333333333333332,0.006633333333333333,9.53949810291,19.968231832545793,479
0.030766666666666668,0.779,0.1661,0.024133333333333333,0.024133333333333333,0.006633333333333333,9.559221678800256,20.00959311403336,480
0.030633333333333332,0.7798666666666667,0.16556666666666667,0.023933333333333334,0.024,0.006633333333333333,9.578718722156756,20.05057006668342,481
0.030466666666666666,0.7807,0.1651,0.023733333333333332,0.023866666666666668,0.0066,9.598298429181032,20.09167886348978,482
0.0302,0.7816666666666666,0.1645,0.023633333333333333,0.0236,0.0066,9.617984197725498,20.1329754891944,483
0.0301,0.7824333333333333,0.164,0.023466666666666667,0.023566666666666666,0.006533333333333334,9.63755524422458,20.174069430856594,484
0.03,0.7832,0.1634,0.0234,0.023466666666666667,0.006533333333333334,9.657232721558993,20.215352031495684,485
0.0299,0.7842,0.16263333333333332,0.023266666666666668,0.023366666666666668,0.006533333333333334,9.676695928472563,20.256263027090423,486
0.0298,0.7848333333333334,0.16203333333333333,0.023333333333333334,0.023333333333333334,0.006466666666666667,9.696343821270116,20.297489236106678,487
0.029733333333333334,0.7856333333333333,0.16143333333333335,0.0232,0.023366666666666668,0.006366666666666666,9.71585306916498,20.33847553937904,488
0.029666666666666668,0.7865666666666666,0.1608,0.022966666666666666,0.0233,0.006366666666666666,9.735526681815784,20.3797500288723,489
0.029466666666666665,0.7875,0.16013333333333332,0.0229,0.0231,0.006366666666666666,9.7549113448992,20.42051609520251,490
0.0293,0.7884,0.15946666666666667,0.022833333333333334,0.022966666666666666,0.006333333333333333,9.774512261980883,20.461662654945222,491
0.029166666666666667,0.7895666666666666,0.1587,0.022566666666666665,0.022833333333333334,0.006333333333333333,9.793977242772812,20.502565567080783,492
0.0289,0.7903666666666667,0.15806666666666666,0.02266666666666667,0.022566666666666665,0.006333333333333333,9.81360336917137,20.543757350660037,493
0.0287,0.7912333333333333,0.15753333333333333,0.022533333333333332,0.022433333333333333,0.006266666666666667,9.832981219371787,20.5845030988108,494
0.028466666666666668,0.7922333333333333,0.15676666666666667,0.022533333333333332,0.022233333333333334,0.006233333333333333,9.852612746179592,20.62570294718896,495
0.0283,0.7931,0.1561,0.0225,0.0221,0.0062,9.87189609983429,20.666284883730427,496
0.028233333333333333,0.794,0.1554,0.022366666666666667,0.022033333333333332,0.0062,9.891452510645605,20.707350349720418,497
0.0281,0.7948666666666667,0.1547,0.022333333333333334,0.0219,0.0062,9.910729320482458,20.74792779165167,498
0.028,0.7955666666666666,0.15413333333333334,0.0223,0.021833333333333333,0.006166666666666667,9.93028474290376,20.78899264324113,499
0.027833333333333335,0.7963,0.15346666666666667,0.0224,0.021733333333333334,0.0061,9.94958886815892,20.829604258877882,500
0.29183333333333333,0.015,0.5482333333333334,0.14493333333333333,0.20903333333333332,0.0828,NA,NA,-1
0.2931666666666667,0.014566666666666667,0.5467666666666666,0.1455,0.20963333333333334,0.08353333333333333,NA,NA,-2
0.29436666666666667,0.013833333333333333,0.5456333333333333,0.14616666666666667,0.21023333333333333,0.08413333333333334,NA,NA,-3
0.2955333333333333,0.0133,0.5441333333333334,0.14703333333333332,0.21076666666666666,0.08476666666666667,NA,NA,-4
0.2969,0.012633333333333333,0.5435,0.14696666666666666,0.2117,0.0852,NA,NA,-5
0.29793333333333333,0.012466666666666666,0.5419666666666667,0.14763333333333334,0.2123,0.08563333333333334,NA,NA,-6
0.2994,0.0118,0.541,0.1478,0.21326666666666666,0.08613333333333334,NA,NA,-7
0.30033333333333334,0.011433333333333334,0.5395333333333333,0.1487,0.2138,0.08653333333333334,NA,NA,-8
0.30156666666666665,0.0109,0.5379,0.14963333333333334,0.21463333333333334,0.08693333333333333,NA,NA,-9
0.3025,0.010566666666666667,0.5363333333333333,0.1506,0.21496666666666667,0.08753333333333334,NA,NA,-10
0.30373333333333336,0.010066666666666666,0.5350333333333334,0.15116666666666667,0.21573333333333333,0.088,NA,NA,-11
0.3049,0.009733333333333333,0.5337666666666666,0.1516,0.2164,0.0885,NA,NA,-12
0.3062666666666667,0.009466666666666667,0.5323,0.15196666666666667,0.21723333333333333,0.08903333333333334,NA,NA,-13
0.30773333333333336,0.009066666666666667,0.5308,0.1524,0.2185,0.08923333333333333,NA,NA,-14
0.30916666666666665,0.008733333333333333,0.5297666666666667,0.15233333333333332,0.21923333333333334,0.08993333333333334,NA,NA,-15
0.3105,0.008466666666666667,0.5288666666666667,0.15216666666666667,0.21996666666666667,0.09053333333333333,NA,NA,-16
0.3112666666666667,0.008266666666666667,0.5271666666666667,0.1533,0.22036666666666666,0.0909,NA,NA,-17
0.3127,0.007966666666666667,0.5258666666666667,0.15346666666666667,0.22143333333333334,0.09126666666666666,NA,NA,-18
0.3139,0.007666666666666666,0.5243333333333333,0.1541,0.22226666666666667,0.09163333333333333,NA,NA,-19
0.31516666666666665,0.007366666666666666,0.5226333333333333,0.15483333333333332,0.22293333333333334,0.09223333333333333,NA,NA,-20
0.31656666666666666,0.0071,0.5212,0.15513333333333335,0.22403333333333333,0.09253333333333333,NA,NA,-21
0.3176333333333333,0.0068,0.5199666666666667,0.1556,0.22456666666666666,0.09306666666666667,NA,NA,-22
0.3188666666666667,0.0066,0.5183333333333333,0.1562,0.2253,0.09356666666666667,NA,NA,-23
0.32006666666666667,0.0062,0.5168666666666667,0.15686666666666665,0.22593333333333335,0.09413333333333333,NA,NA,-24
0.3214666666666667,0.0059,0.5153333333333333,0.1573,0.22693333333333332,0.09453333333333333,NA,NA,-25
0.3228,0.005666666666666667,0.5140333333333333,0.1575,0.2278,0.095,NA,NA,-26
0.3241,0.005366666666666666,0.5119666666666667,0.15856666666666666,0.2286,0.0955,NA,NA,-27
0.3252333333333333,0.005033333333333333,0.5107,0.15903333333333333,0.22926666666666667,0.09596666666666667,NA,NA,-28
0.3268666666666667,0.0049,0.509,0.15923333333333334,0.23043333333333332,0.09643333333333333,NA,NA,-29
0.328,0.0048,0.5071333333333333,0.16006666666666666,0.23073333333333335,0.09726666666666667,NA,NA,-30
0.3293,0.0046,0.5049666666666667,0.16113333333333332,0.23163333333333333,0.09766666666666667,NA,NA,-31
0.3305666666666667,0.0044666666666666665,0.5036,0.16136666666666666,0.23236666666666667,0.0982,NA,NA,-32
0.33203333333333335,0.004433333333333333,0.5019,0.16163333333333332,0.2334,0.09863333333333334,NA,NA,-33
0.3335,0.004233333333333334,0.5000333333333333,0.16223333333333334,0.23436666666666667,0.09913333333333334,NA,NA,-34
0.33513333333333334,0.003966666666666667,0.4984,0.1625,0.23566666666666666,0.09946666666666666,NA,NA,-35
0.33666666666666667,0.003833333333333333,0.49716666666666665,0.16233333333333333,0.23696666666666666,0.0997,NA,NA,-36
0.33823333333333333,0.003766666666666667,0.4953666666666667,0.16263333333333332,0.23796666666666666,0.10026666666666667,NA,NA,-37
0.3397,0.0036,0.49373333333333336,0.16296666666666668,0.2388,0.1009,NA,NA,-38
0.34103333333333335,0.0033333333333333335,0.4925333333333333,0.1631,0.23973333333333333,0.1013,NA,NA,-39
0.3426,0.0033,0.4902,0.1639,0.24073333333333333,0.10186666666666666,NA,NA,-40
0.3437,0.003266666666666667,0.4885333333333333,0.1645,0.24126666666666666,0.10243333333333333,NA,NA,-41
0.34473333333333334,0.0031,0.4868,0.16536666666666666,0.2415,0.10323333333333333,NA,NA,-42
0.3459333333333333,0.003033333333333333,0.48473333333333335,0.1663,0.24213333333333334,0.1038,NA,NA,-43
0.34773333333333334,0.0028666666666666667,0.4831666666666667,0.16623333333333334,0.2434,0.10433333333333333,NA,NA,-44
0.3490666666666667,0.002766666666666667,0.4814,0.16676666666666667,0.24413333333333334,0.10493333333333334,NA,NA,-45
0.3506,0.0026333333333333334,0.47956666666666664,0.1672,0.2451,0.1055,NA,NA,-46
0.3519333333333333,0.002533333333333333,0.4775,0.16803333333333334,0.24573333333333333,0.1062,NA,NA,-47
0.3534333333333333,0.0024333333333333334,0.4758,0.16833333333333333,0.24673333333333333,0.1067,NA,NA,-48
0.35473333333333334,0.002266666666666667,0.4739333333333333,0.16906666666666667,0.24736666666666668,0.10736666666666667,NA,NA,-49
0.3562,0.0022333333333333333,0.47163333333333335,0.16993333333333333,0.2483,0.1079,NA,NA,-50
0.35786666666666667,0.0021666666666666666,0.4699,0.17006666666666667,0.24936666666666665,0.1085,NA,NA,-51
0.35946666666666666,0.0021333333333333334,0.46763333333333335,0.17076666666666668,0.2505,0.10896666666666667,NA,NA,-52
0.36133333333333334,0.002033333333333333,0.46563333333333334,0.171,0.2513666666666667,0.10996666666666667,NA,NA,-53
0.3626666666666667,0.002,0.46353333333333335,0.1718,0.25216666666666665,0.1105,NA,NA,-54
0.36396666666666666,0.0019333333333333333,0.4614,0.1727,0.2526,0.11136666666666667,NA,NA,-55
0.366,0.0017333333333333333,0.45886666666666664,0.1734,0.2541333333333333,0.11186666666666667,NA,NA,-56
0.3671,0.0016666666666666668,0.4567333333333333,0.1745,0.25476666666666664,0.11233333333333333,NA,NA,-57
0.36856666666666665,0.0016333333333333334,0.4548,0.175,0.25533333333333336,0.11323333333333334,NA,NA,-58
0.3702666666666667,0.0015333333333333334,0.45343333333333335,0.17476666666666665,0.25656666666666667,0.1137,NA,NA,-59
0.37183333333333335,0.0014333333333333333,0.45116666666666666,0.17556666666666668,0.2573,0.11453333333333333,NA,NA,-60
0.3735,0.0013666666666666666,0.44916666666666666,0.17596666666666666,0.25853333333333334,0.11496666666666666,NA,NA,-61
0.3748666666666667,0.0013333333333333333,0.4471333333333333,0.17666666666666667,0.2591333333333333,0.11573333333333333,NA,NA,-62
0.37646666666666667,0.0013,0.4444,0.17783333333333334,0.2601333333333333,0.11633333333333333,NA,NA,-63
0.37783333333333335,0.0012666666666666666,0.4423666666666667,0.17853333333333332,0.26063333333333333,0.1172,NA,NA,-64
0.37933333333333336,0.0011666666666666668,0.4404666666666667,0.17903333333333332,0.2616,0.11773333333333333,NA,NA,-65
0.3802333333333333,0.0011333333333333334,0.4382333333333333,0.1804,0.2617,0.11853333333333334,NA,NA,-66
0.3817333333333333,0.0010333333333333334,0.4364,0.18083333333333335,0.2628333333333333,0.1189,NA,NA,-67
0.3828666666666667,0.001,0.43446666666666667,0.18166666666666667,0.26343333333333335,0.11943333333333334,NA,NA,-68
0.3842333333333333,0.001,0.4321,0.18266666666666667,0.26416666666666666,0.12006666666666667,NA,NA,-69
0.38556666666666667,9e-4,0.42996666666666666,0.18356666666666666,0.26486666666666664,0.1207,NA,NA,-70
0.3872,8.666666666666666e-4,0.4276333333333333,0.1843,0.2658,0.1214,NA,NA,-71
0.3888,8.333333333333334e-4,0.42523333333333335,0.18513333333333334,0.26676666666666665,0.12203333333333333,NA,NA,-72
0.39036666666666664,7.333333333333333e-4,0.4229,0.186,0.26736666666666664,0.123,NA,NA,-73
0.3921,6.333333333333333e-4,0.4207,0.18656666666666666,0.2687333333333333,0.12336666666666667,NA,NA,-74
0.3937333333333333,6.333333333333333e-4,0.4185,0.18713333333333335,0.2698333333333333,0.1239,NA,NA,-75
0.39516666666666667,6e-4,0.4162666666666667,0.18796666666666667,0.2709666666666667,0.1242,NA,NA,-76
0.39663333333333334,6e-4,0.4139333333333333,0.18883333333333333,0.27186666666666665,0.12476666666666666,NA,NA,-77
0.3983333333333333,6e-4,0.41133333333333333,0.18973333333333334,0.2731,0.12523333333333334,NA,NA,-78
0.3998333333333333,6e-4,0.40923333333333334,0.19033333333333333,0.2739666666666667,0.12586666666666665,NA,NA,-79
0.40103333333333335,5.333333333333334e-4,0.40723333333333334,0.1912,0.2742,0.12683333333333333,NA,NA,-80
0.4026,5.333333333333334e-4,0.4048333333333333,0.19203333333333333,0.2752,0.1274,NA,NA,-81
0.40423333333333333,5.333333333333334e-4,0.4025,0.19273333333333334,0.2760666666666667,0.12816666666666668,NA,NA,-82
0.4059333333333333,5e-4,0.39986666666666665,0.1937,0.2774,0.12853333333333333,NA,NA,-83
0.4076,4.6666666666666666e-4,0.3977,0.19423333333333334,0.27813333333333334,0.12946666666666667,NA,NA,-84
0.4087,4.333333333333333e-4,0.39553333333333335,0.19533333333333333,0.2786,0.1301,NA,NA,-85
0.41003333333333336,4.333333333333333e-4,0.3937,0.19583333333333333,0.2789,0.13113333333333332,NA,NA,-86
0.4116,4.333333333333333e-4,0.3909,0.19706666666666667,0.27976666666666666,0.13183333333333333,NA,NA,-87
0.41326666666666667,4.333333333333333e-4,0.38863333333333333,0.19766666666666666,0.2808,0.13246666666666668,NA,NA,-88
0.41486666666666666,3.6666666666666667e-4,0.3862333333333333,0.19853333333333334,0.28163333333333335,0.13323333333333334,NA,NA,-89
0.4165333333333333,3.333333333333333e-4,0.384,0.19913333333333333,0.28273333333333334,0.1338,NA,NA,-90
0.41833333333333333,3.333333333333333e-4,0.3809666666666667,0.20036666666666667,0.2838333333333333,0.1345,NA,NA,-91
0.4202,3e-4,0.3787,0.2008,0.2851,0.1351,NA,NA,-92
0.42183333333333334,3e-4,0.3766333333333333,0.20123333333333332,0.286,0.13583333333333333,NA,NA,-93
0.4235333333333333,2.3333333333333333e-4,0.3739,0.20233333333333334,0.28673333333333334,0.1368,NA,NA,-94
0.4252,2.3333333333333333e-4,0.3718,0.20276666666666668,0.2875333333333333,0.13766666666666666,NA,NA,-95
0.4271333333333333,2.3333333333333333e-4,0.36916666666666664,0.20346666666666666,0.2889,0.13823333333333335,NA,NA,-96
0.4291,2.3333333333333333e-4,0.3668,0.20386666666666667,0.2902,0.1389,NA,NA,-97
0.4307666666666667,2.3333333333333333e-4,0.36446666666666666,0.20453333333333334,0.29106666666666664,0.1397,NA,NA,-98
0.43273333333333336,2e-4,0.3621,0.20496666666666666,0.29236666666666666,0.14036666666666667,NA,NA,-99
0.43446666666666667,2e-4,0.3597666666666667,0.20556666666666668,0.29356666666666664,0.1409,NA,NA,-100
0.4362333333333333,1.6666666666666666e-4,0.3574,0.2062,0.2945,0.14173333333333332,NA,NA,-101
0.4384,1.6666666666666666e-4,0.35513333333333336,0.2063,0.29606666666666664,0.14233333333333334,NA,NA,-102
0.44016666666666665,1.6666666666666666e-4,0.35236666666666666,0.2073,0.29696666666666666,0.1432,NA,NA,-103
0.44193333333333334,1.6666666666666666e-4,0.35046666666666665,0.20743333333333333,0.2980333333333333,0.1439,NA,NA,-104
0.4435,1.6666666666666666e-4,0.34823333333333334,0.2081,0.2988,0.1447,NA,NA,-105
0.4454,1.6666666666666666e-4,0.3464,0.20803333333333332,0.30023333333333335,0.14516666666666667,NA,NA,-106
0.4473666666666667,1.6666666666666666e-4,0.3436,0.20886666666666667,0.30146666666666666,0.1459,NA,NA,-107
0.4489666666666667,1.6666666666666666e-4,0.3410666666666667,0.2098,0.30206666666666665,0.1469,NA,NA,-108
0.4505,1.6666666666666666e-4,0.3385,0.21083333333333334,0.30273333333333335,0.14776666666666666,NA,NA,-109
0.4521,1.6666666666666666e-4,0.33603333333333335,0.2117,0.3034,0.1487,NA,NA,-110
0.4538333333333333,1.6666666666666666e-4,0.3335666666666667,0.21243333333333334,0.3043666666666667,0.14946666666666666,NA,NA,-111
0.4555,1.6666666666666666e-4,0.3307333333333333,0.2136,0.30523333333333336,0.15026666666666666,NA,NA,-112
0.45693333333333336,1.6666666666666666e-4,0.32843333333333335,0.21446666666666667,0.30573333333333336,0.1512,NA,NA,-113
0.45893333333333336,1.6666666666666666e-4,0.3256,0.2153,0.3071333333333333,0.1518,NA,NA,-114
0.46103333333333335,1.6666666666666666e-4,0.32316666666666666,0.21563333333333334,0.3084,0.15263333333333334,NA,NA,-115
0.4627,1.6666666666666666e-4,0.32016666666666665,0.21696666666666667,0.30916666666666665,0.15353333333333333,NA,NA,-116
0.46416666666666667,1.6666666666666666e-4,0.31766666666666665,0.218,0.3097,0.15446666666666667,NA,NA,-117
0.46576666666666666,1.6666666666666666e-4,0.3154666666666667,0.2186,0.3102666666666667,0.1555,NA,NA,-118
0.4676666666666667,1.6666666666666666e-4,0.3127,0.21946666666666667,0.3116,0.15606666666666666,NA,NA,-119
0.4693333333333333,1.6666666666666666e-4,0.31016666666666665,0.22033333333333333,0.3126,0.15673333333333334,NA,NA,-120
0.4711,1e-4,0.3076333333333333,0.22116666666666668,0.3133,0.1578,NA,NA,-121
0.47336666666666666,6.666666666666667e-5,0.3051333333333333,0.22143333333333334,0.31483333333333335,0.15853333333333333,NA,NA,-122
0.4756666666666667,6.666666666666667e-5,0.30246666666666666,0.2218,0.3164,0.15926666666666667,NA,NA,-123
0.4774,6.666666666666667e-5,0.2996,0.22293333333333334,0.31733333333333336,0.16006666666666666,NA,NA,-124
0.4790333333333333,6.666666666666667e-5,0.297,0.2239,0.31826666666666664,0.16076666666666667,NA,NA,-125
0.4808,6.666666666666667e-5,0.29436666666666667,0.22476666666666667,0.3191,0.1617,NA,NA,-126
0.4828,6.666666666666667e-5,0.29173333333333334,0.2254,0.3201,0.1627,NA,NA,-127
0.48456666666666665,6.666666666666667e-5,0.28933333333333333,0.22603333333333334,0.32093333333333335,0.16363333333333333,NA,NA,-128
0.4867666666666667,6.666666666666667e-5,0.2866,0.22656666666666667,0.32226666666666665,0.1645,NA,NA,-129
0.4887666666666667,6.666666666666667e-5,0.2841666666666667,0.227,0.32343333333333335,0.16533333333333333,NA,NA,-130
0.4905333333333333,6.666666666666667e-5,0.2818,0.2276,0.3241,0.16643333333333332,NA,NA,-131
0.49266666666666664,6.666666666666667e-5,0.2795666666666667,0.2277,0.32516666666666666,0.1675,NA,NA,-132
0.49493333333333334,6.666666666666667e-5,0.27713333333333334,0.22786666666666666,0.3266,0.16833333333333333,NA,NA,-133
0.4971333333333333,6.666666666666667e-5,0.27466666666666667,0.22813333333333333,0.32793333333333335,0.1692,NA,NA,-134
0.4991333333333333,6.666666666666667e-5,0.27193333333333336,0.22886666666666666,0.32886666666666664,0.17026666666666668,NA,NA,-135
0.5017,6.666666666666667e-5,0.2695666666666667,0.22866666666666666,0.3303,0.1714,NA,NA,-136
0.5039,6.666666666666667e-5,0.2670666666666667,0.22896666666666668,0.33153333333333335,0.17236666666666667,NA,NA,-137
0.5063333333333333,3.3333333333333335e-5,0.2639666666666667,0.22966666666666666,0.33313333333333334,0.1732,NA,NA,-138
0.5079333333333333,3.3333333333333335e-5,0.26163333333333333,0.2304,0.33366666666666667,0.17426666666666665,NA,NA,-139
0.5101,0,0.2593666666666667,0.23053333333333334,0.33503333333333335,0.17506666666666668,NA,NA,-140
0.5120666666666667,0,0.2567,0.23123333333333335,0.33603333333333335,0.17603333333333335,NA,NA,-141
0.5141333333333333,0,0.2539,0.23196666666666665,0.3370666666666667,0.17706666666666668,NA,NA,-142
0.5161333333333333,0,0.2511333333333333,0.23273333333333332,0.33816666666666667,0.17796666666666666,NA,NA,-143
0.5184333333333333,0,0.24906666666666666,0.2325,0.3393,0.17913333333333334,NA,NA,-144
0.5205666666666666,0,0.2465,0.23293333333333333,0.34046666666666664,0.1801,NA,NA,-145
0.5229333333333334,0,0.24433333333333335,0.23273333333333332,0.34176666666666666,0.18116666666666667,NA,NA,-146
0.5248666666666667,0,0.2416,0.23353333333333334,0.3426666666666667,0.1822,NA,NA,-147
0.5271,0,0.2392,0.2337,0.34373333333333334,0.18336666666666668,NA,NA,-148
0.5292,0,0.23663333333333333,0.23416666666666666,0.34526666666666667,0.18393333333333334,NA,NA,-149
0.5313333333333333,0,0.23373333333333332,0.23493333333333333,0.34673333333333334,0.1846,NA,NA,-150
0.5332666666666667,0,0.2312,0.23553333333333334,0.3474,0.18586666666666668,NA,NA,-151
0.5354666666666666,0,0.22846666666666668,0.23606666666666667,0.3488,0.18666666666666668,NA,NA,-152
0.5377666666666666,0,0.22596666666666668,0.23626666666666668,0.34976666666666667,0.188,NA,NA,-153
0.5397666666666666,0,0.22333333333333333,0.2369,0.3509333333333333,0.18883333333333333,NA,NA,-154
0.5417666666666666,0,0.22113333333333332,0.2371,0.3522666666666667,0.1895,NA,NA,-155
0.5439333333333334,0,0.21806666666666666,0.238,0.35346666666666665,0.19046666666666667,NA,NA,-156
0.5459333333333334,0,0.21596666666666667,0.2381,0.35456666666666664,0.19136666666666666,NA,NA,-157
0.5482333333333334,0,0.21363333333333334,0.23813333333333334,0.35586666666666666,0.19236666666666666,NA,NA,-158
0.5503,0,0.211,0.2387,0.3573,0.193,NA,NA,-159
0.5524666666666667,0,0.20786666666666667,0.23966666666666667,0.3585333333333333,0.19393333333333335,NA,NA,-160
0.5546,0,0.20556666666666668,0.23983333333333334,0.3596666666666667,0.19493333333333332,NA,NA,-161
0.557,0,0.2029,0.2401,0.3611333333333333,0.19586666666666666,NA,NA,-162
0.559,0,0.1998,0.2412,0.3620333333333333,0.19696666666666668,NA,NA,-163
0.5613333333333334,0,0.19753333333333334,0.24113333333333334,0.3636,0.19773333333333334,NA,NA,-164
0.5636666666666666,0,0.1946,0.24173333333333333,0.3648666666666667,0.1988,NA,NA,-165
0.5659,0,0.19196666666666667,0.24213333333333334,0.36596666666666666,0.19993333333333332,NA,NA,-166
0.5685333333333333,0,0.18916666666666668,0.2423,0.36733333333333335,0.2012,NA,NA,-167
0.571,0,0.18696666666666667,0.24203333333333332,0.36896666666666667,0.20203333333333334,NA,NA,-168
0.5732333333333334,0,0.1841,0.24266666666666667,0.3701333333333333,0.2031,NA,NA,-169
0.5754,0,0.18116666666666667,0.24343333333333333,0.37123333333333336,0.20416666666666666,NA,NA,-170
0.5777666666666667,0,0.1788,0.24343333333333333,0.3728666666666667,0.2049,NA,NA,-171
0.5799,0,0.17693333333333333,0.24316666666666667,0.37403333333333333,0.20586666666666667,NA,NA,-172
0.5823333333333334,0,0.17416666666666666,0.2435,0.3754,0.20693333333333333,NA,NA,-173
0.5842333333333334,0,0.17196666666666666,0.2438,0.37593333333333334,0.2083,NA,NA,-174
0.5863333333333334,0,0.16983333333333334,0.24383333333333335,0.3767666666666667,0.20956666666666668,NA,NA,-175
0.5884333333333334,0,0.1676,0.24396666666666667,0.3779,0.21053333333333332,NA,NA,-176
0.5905333333333334,0,0.16523333333333334,0.24423333333333333,0.37856666666666666,0.21196666666666666,NA,NA,-177
0.5926666666666667,0,0.163,0.24433333333333335,0.37966666666666665,0.213,NA,NA,-178
0.5949666666666666,0,0.1605,0.24453333333333332,0.3807333333333333,0.21423333333333333,NA,NA,-179
0.5969666666666666,0,0.15856666666666666,0.24446666666666667,0.3818666666666667,0.2151,NA,NA,-180
0.5993666666666667,0,0.15696666666666667,0.24366666666666667,0.38333333333333336,0.21603333333333333,NA,NA,-181
0.6022666666666666,0,0.15503333333333333,0.2427,0.38503333333333334,0.21723333333333333,NA,NA,-182
0.6048333333333333,0,0.15273333333333333,0.24243333333333333,0.3867,0.21813333333333335,NA,NA,-183
0.6072333333333333,0,0.15053333333333332,0.24223333333333333,0.3879666666666667,0.21926666666666667,NA,NA,-184
0.6102,0,0.14836666666666667,0.24143333333333333,0.3897333333333333,0.22046666666666667,NA,NA,-185
0.6125666666666667,0,0.14613333333333334,0.2413,0.3915,0.22106666666666666,NA,NA,-186
0.6152666666666666,0,0.14416666666666667,0.24056666666666668,0.39326666666666665,0.222,NA,NA,-187
0.6174666666666667,0,0.1418,0.24073333333333333,0.3943,0.22316666666666668,NA,NA,-188
0.62,0,0.1401,0.2399,0.396,0.224,NA,NA,-189
0.6221,0,0.138,0.2399,0.39743333333333336,0.22466666666666665,NA,NA,-190
0.6248666666666667,0,0.13616666666666666,0.23896666666666666,0.39926666666666666,0.2256,NA,NA,-191
0.6275666666666667,0,0.13416666666666666,0.23826666666666665,0.40073333333333333,0.22683333333333333,NA,NA,-192
0.6296,0,0.1319,0.2385,0.40166666666666667,0.22793333333333332,NA,NA,-193
0.6317333333333334,0,0.12956666666666666,0.2387,0.40276666666666666,0.22896666666666668,NA,NA,-194
0.6339,0,0.12736666666666666,0.23873333333333333,0.4041666666666667,0.22973333333333334,NA,NA,-195
0.6361666666666667,0,0.1254,0.23843333333333333,0.4058333333333333,0.23033333333333333,NA,NA,-196
0.6386333333333334,0,0.12323333333333333,0.23813333333333334,0.4075,0.23113333333333333,NA,NA,-197
0.6409666666666667,0,0.12046666666666667,0.23856666666666668,0.40886666666666666,0.2321,NA,NA,-198
0.6435333333333333,0,0.11833333333333333,0.23813333333333334,0.41023333333333334,0.2333,NA,NA,-199
0.6458333333333334,0,0.11643333333333333,0.23773333333333332,0.4113,0.23453333333333334,NA,NA,-200
0.6479333333333334,0,0.11463333333333334,0.23743333333333333,0.4124,0.23553333333333334,NA,NA,-201
0.6502333333333333,0,0.11316666666666667,0.2366,0.4135,0.23673333333333332,NA,NA,-202
0.6528333333333334,0,0.1111,0.23606666666666667,0.4151,0.23773333333333332,NA,NA,-203
0.6548666666666667,0,0.10966666666666666,0.23546666666666666,0.4161,0.23876666666666665,NA,NA,-204
0.6572,0,0.1081,0.2347,0.4171666666666667,0.24003333333333332,NA,NA,-205
0.6598333333333334,0,0.10653333333333333,0.23363333333333333,0.4182,0.24163333333333334,NA,NA,-206
0.6626333333333333,0,0.10503333333333334,0.23233333333333334,0.42,0.24263333333333334,NA,NA,-207
0.6647333333333333,0,0.10343333333333334,0.23183333333333334,0.42083333333333334,0.2439,NA,NA,-208
0.6669666666666667,0,0.10146666666666666,0.23156666666666667,0.4217666666666667,0.2452,NA,NA,-209
0.6697,0,0.0999,0.2304,0.4232666666666667,0.24643333333333334,NA,NA,-210
0.6720333333333334,0,0.09836666666666667,0.2296,0.42446666666666666,0.24756666666666666,NA,NA,-211
0.6746666666666666,0,0.09673333333333334,0.2286,0.4262,0.24846666666666667,NA,NA,-212
0.6772666666666667,0,0.09513333333333333,0.2276,0.4275333333333333,0.24973333333333333,NA,NA,-213
0.6805666666666667,0,0.0936,0.22583333333333333,0.42973333333333336,0.25083333333333335,NA,NA,-214
0.6828666666666666,0,0.09203333333333333,0.2251,0.43073333333333336,0.2521333333333333,NA,NA,-215
0.6857666666666666,0,0.09056666666666667,0.22366666666666668,0.43273333333333336,0.25303333333333333,NA,NA,-216
0.6881666666666667,0,0.08896666666666667,0.22286666666666666,0.4342,0.2539666666666667,NA,NA,-217
0.6908666666666666,0,0.08726666666666667,0.22186666666666666,0.4357333333333333,0.2551333333333333,NA,NA,-218
0.6929666666666666,0,0.08593333333333333,0.2211,0.4362333333333333,0.2567333333333333,NA,NA,-219
0.6957,0,0.08456666666666666,0.21973333333333334,0.4375,0.2582,NA,NA,-220
0.6980666666666666,0,0.08306666666666666,0.21886666666666665,0.43853333333333333,0.25953333333333334,NA,NA,-221
0.7008,0,0.08183333333333333,0.21736666666666668,0.4402333333333333,0.26056666666666667,NA,NA,-222
0.7032,0,0.08,0.2168,0.44156666666666666,0.26163333333333333,NA,NA,-223
0.7056333333333333,0,0.07866666666666666,0.2157,0.4427333333333333,0.2629,NA,NA,-224
0.7079,0,0.07733333333333334,0.21476666666666666,0.4437333333333333,0.26416666666666666,NA,NA,-225
0.7107333333333333,0,0.07606666666666667,0.2132,0.4457333333333333,0.265,NA,NA,-226
0.7129666666666666,0,0.0746,0.21243333333333334,0.4466,0.26636666666666664,NA,NA,-227
0.7157,0,0.07336666666666666,0.21093333333333333,0.4479,0.2678,NA,NA,-228
0.7185666666666667,0,0.07183333333333333,0.2096,0.4496,0.2689666666666667,NA,NA,-229
0.7214,0,0.0706,0.208,0.45126666666666665,0.27013333333333334,NA,NA,-230
0.7237666666666667,0,0.06943333333333333,0.2068,0.45276666666666665,0.271,NA,NA,-231
0.7268,0,0.06846666666666666,0.20473333333333332,0.4547333333333333,0.2720666666666667,NA,NA,-232
0.729,0,0.06706666666666666,0.20393333333333333,0.4557333333333333,0.27326666666666666,NA,NA,-233
0.7316333333333334,0,0.0657,0.20266666666666666,0.4567333333333333,0.2749,NA,NA,-234
0.7343,0,0.06446666666666667,0.20123333333333332,0.4587333333333333,0.2755666666666667,NA,NA,-235
0.7363,0,0.06326666666666667,0.20043333333333332,0.4592333333333333,0.2770666666666667,NA,NA,-236
0.7384333333333334,0,0.0622,0.19936666666666666,0.45976666666666666,0.2786666666666667,NA,NA,-237
0.7406,0,0.06116666666666667,0.19823333333333334,0.4609,0.2797,NA,NA,-238
0.7429,0,0.05973333333333333,0.19736666666666666,0.46186666666666665,0.28103333333333336,NA,NA,-239
0.7452333333333333,0,0.058833333333333335,0.19593333333333332,0.46286666666666665,0.28236666666666665,NA,NA,-240
0.74783333333333335,0,0.057833333333333334,0.19433333333333333,0.46423333333333333,0.2836,NA,NA,-241
0.7503666666666666,0,0.0566,0.19303333333333333,0.4655,0.28486666666666666,NA,NA,-242
0.7528333333333334,0,0.05563333333333333,0.19153333333333333,0.4664,0.2864333333333333,NA,NA,-243
0.7550666666666667,0,0.0546,0.19033333333333333,0.46746666666666664,0.2876,NA,NA,-244
0.7576333333333334,0,0.053266666666666664,0.1891,0.4683,0.28933333333333333,NA,NA,-245
0.76,0,0.052533333333333335,0.18746666666666667,0.4693,0.2907,NA,NA,-246
0.7626333333333334,0,0.0516,0.18576666666666666,0.47036666666666666,0.2922666666666667,NA,NA,-247
0.7655,0,0.050633333333333336,0.18386666666666668,0.47173333333333334,0.2937666666666667,NA,NA,-248
0.7677666666666667,0,0.049666666666666665,0.18256666666666665,0.47276666666666667,0.295,NA,NA,-249
0.7702,0,0.04873333333333333,0.18106666666666665,0.4740333333333333,0.2961666666666667,NA,NA,-250
0.7731333333333333,0,0.04763333333333333,0.17923333333333333,0.47513333333333335,0.298,NA,NA,-251
0.7757333333333334,0,0.0465,0.17776666666666666,0.4763,0.29943333333333333,NA,NA,-252
0.7781,0,0.0457,0.1762,0.4774,0.3007,NA,NA,-253
0.7805,0,0.044866666666666666,0.17463333333333333,0.47846666666666665,0.3020333333333333,NA,NA,-254
0.7831,0,0.04396666666666667,0.17293333333333333,0.48,0.3031,NA,NA,-255
0.7853333333333333,0,0.043333333333333335,0.17133333333333334,0.48096666666666665,0.3043666666666667,NA,NA,-256
0.7878666666666667,0,0.0423,0.16983333333333334,0.4819,0.30596666666666666,NA,NA,-257
0.7903,0,0.04126666666666667,0.16843333333333332,0.4832666666666667,0.3070333333333333,NA,NA,-258
0.7922,0,0.040466666666666665,0.16733333333333333,0.4837666666666667,0.30843333333333334,NA,NA,-259
0.7945666666666666,0,0.0397,0.16573333333333334,0.4847666666666667,0.3098,NA,NA,-260
0.7973333333333333,0,0.03903333333333334,0.16363333333333333,0.48586666666666667,0.31146666666666667,NA,NA,-261
0.7995,0,0.038533333333333336,0.16196666666666668,0.4867666666666667,0.3127333333333333,NA,NA,-262
0.8011666666666667,0,0.037766666666666664,0.16106666666666666,0.4871,0.31406666666666666,NA,NA,-263
0.8037333333333333,0,0.03726666666666666,0.159,0.48796666666666666,0.31576666666666664,NA,NA,-264
0.8059,0,0.03646666666666667,0.15763333333333332,0.48856666666666665,0.31733333333333336,NA,NA,-265
0.8080333333333334,0,0.0359,0.15606666666666666,0.48933333333333334,0.3187,NA,NA,-266
0.81033333333333335,0,0.0352,0.15446666666666667,0.4901333333333333,0.3202,NA,NA,-267
0.8126666666666666,0,0.0345,0.15283333333333332,0.4908,0.3218666666666667,NA,NA,-268
0.8149666666666666,0,0.0338,0.15123333333333333,0.49166666666666664,0.3233,NA,NA,-269
0.8166666666666667,0,0.03303333333333333,0.1503,0.492,0.32466666666666666,NA,NA,-270
0.8187333333333333,0,0.0324,0.14886666666666667,0.4925333333333333,0.3262,NA,NA,-271
0.8205333333333333,0,0.0316,0.14786666666666667,0.493,0.32753333333333334,NA,NA,-272
0.8223,0,0.030633333333333332,0.14706666666666668,0.49383333333333335,0.3284666666666667,NA,NA,-273
0.8242,0,0.029933333333333333,0.14586666666666667,0.49396666666666667,0.3302333333333333,NA,NA,-274
0.8262333333333334,0,0.029166666666666667,0.1446,0.49406666666666665,0.33216666666666667,NA,NA,-275
0.8283,0,0.028533333333333334,0.14316666666666666,0.4948,0.3335,NA,NA,-276
0.8305,0,0.027933333333333334,0.14156666666666667,0.4956,0.3349,NA,NA,-277
0.8324666666666667,0,0.027433333333333334,0.1401,0.4960333333333333,0.3364333333333333,NA,NA,-278
0.8344333333333334,0,0.026966666666666667,0.1386,0.49666666666666665,0.33776666666666666,NA,NA,-279
0.8364,0,0.026333333333333334,0.13726666666666668,0.49693333333333334,0.3394666666666667,NA,NA,-280
0.8383,0,0.025833333333333333,0.13586666666666666,0.4972,0.3411,NA,NA,-281
0.8400666666666666,0,0.025366666666666666,0.13456666666666667,0.49743333333333334,0.34263333333333335,NA,NA,-282
0.8421666666666666,0,0.02493333333333333,0.1329,0.4986,0.3435666666666667,NA,NA,-283
0.8441333333333333,0,0.024166666666666666,0.1317,0.499,0.34513333333333335,NA,NA,-284
0.8462666666666666,0,0.0237,0.13003333333333333,0.4993,0.34696666666666665,NA,NA,-285
0.8486,0,0.023166666666666665,0.12823333333333334,0.5002666666666666,0.34833333333333333,NA,NA,-286
0.8507333333333333,0,0.0226,0.12666666666666668,0.5009,0.34983333333333333,NA,NA,-287
0.8528666666666667,0,0.0221,0.12503333333333333,0.5017,0.3511666666666667,NA,NA,-288
0.8547333333333333,0,0.0218,0.12346666666666667,0.5021,0.35263333333333335,NA,NA,-289
0.8565,0,0.021466666666666665,0.12203333333333333,0.5026666666666667,0.35383333333333333,NA,NA,-290
0.8579,0,0.021033333333333334,0.12106666666666667,0.5022666666666666,0.35563333333333336,NA,NA,-291
0.8595333333333334,0,0.0203,0.12016666666666667,0.50216666666666665,0.35736666666666667,NA,NA,-292
0.8611666666666666,0,0.019733333333333332,0.1191,0.5023666666666666,0.3588,NA,NA,-293
0.8630333333333333,0,0.019066666666666666,0.1179,0.5026,0.36043333333333333,NA,NA,-294
0.8650333333333333,0,0.0187,0.11626666666666667,0.5033666666666666,0.3616666666666667,NA,NA,-295
0.8671666666666666,0,0.018433333333333333,0.1144,0.5039,0.3632666666666667,NA,NA,-296
0.8686666666666667,0,0.017933333333333332,0.1134,0.5037,0.36496666666666666,NA,NA,-297
0.8704666666666667,0,0.0176,0.11193333333333333,0.5039,0.36656666666666665,NA,NA,-298
0.8719333333333333,0,0.017333333333333333,0.11073333333333334,0.5040333333333333,0.3679,NA,NA,-299
0.8734333333333333,0,0.017033333333333334,0.10953333333333333,0.504,0.36943333333333334,NA,NA,-300
0.8748333333333334,0,0.016633333333333333,0.10853333333333333,0.5034666666666666,0.3713666666666667,NA,NA,-301
0.8767333333333334,0,0.0162,0.10706666666666667,0.5039,0.37283333333333335,NA,NA,-302
0.8781333333333333,0,0.015833333333333335,0.10603333333333333,0.5039,0.3742333333333333,NA,NA,-303
0.8803,0,0.015466666666666667,0.10423333333333333,0.5042333333333333,0.37606666666666666,NA,NA,-304
0.8820666666666667,0,0.015,0.10293333333333334,0.5043333333333333,0.3777333333333333,NA,NA,-305
0.8843,0,0.014666666666666666,0.10103333333333334,0.5051666666666667,0.3791333333333333,NA,NA,-306
0.8858333333333334,0,0.014266666666666667,0.0999,0.5050666666666667,0.38076666666666664,NA,NA,-307
0.8869333333333334,0,0.013966666666666667,0.0991,0.5040666666666667,0.3828666666666667,NA,NA,-308
0.8881333333333333,0,0.013633333333333334,0.09823333333333334,0.5035,0.3846333333333333,NA,NA,-309
0.8899333333333334,0,0.013333333333333334,0.09673333333333334,0.5037666666666667,0.38616666666666666,NA,NA,-310
0.8914666666666666,0,0.013166666666666667,0.09536666666666667,0.504,0.3874666666666667,NA,NA,-311
0.8932,0,0.0129,0.0939,0.5042666666666666,0.38893333333333335,NA,NA,-312
0.8945666666666666,0,0.012666666666666666,0.09276666666666666,0.5036333333333334,0.39093333333333335,NA,NA,-313
0.8959333333333334,0,0.012366666666666666,0.0917,0.5037333333333334,0.3922,NA,NA,-314
0.8969666666666667,0,0.011966666666666667,0.09106666666666667,0.5031,0.39386666666666664,NA,NA,-315
0.8983666666666666,0,0.011566666666666666,0.09006666666666667,0.5029333333333333,0.39543333333333336,NA,NA,-316
0.8997,0,0.011333333333333334,0.08896666666666667,0.5020333333333333,0.39766666666666667,NA,NA,-317
0.9007666666666667,0,0.011066666666666667,0.08816666666666667,0.5015,0.39926666666666666,NA,NA,-318
0.9023,0,0.010733333333333333,0.08696666666666666,0.5010666666666667,0.40123333333333333,NA,NA,-319
0.9036666666666666,0,0.010433333333333333,0.0859,0.5004333333333333,0.40323333333333333,NA,NA,-320
0.9046333333333333,0,0.0102,0.08516666666666667,0.49916666666666665,0.40546666666666664,NA,NA,-321
0.9062,0,0.009866666666666666,0.08393333333333333,0.499,0.4072,NA,NA,-322
0.9073,0,0.0098,0.0829,0.49803333333333333,0.40926666666666667,NA,NA,-323
0.9086,0,0.0095,0.0819,0.49733333333333335,0.41126666666666667,NA,NA,-324
0.9098666666666667,0,0.0093,0.08083333333333333,0.4966,0.41326666666666667,NA,NA,-325
0.9110666666666667,0,0.009233333333333333,0.0797,0.4963,0.4147666666666667,NA,NA,-326
0.9125333333333333,0,0.009066666666666667,0.0784,0.4955,0.4170333333333333,NA,NA,-327
0.9135666666666666,0,0.008933333333333333,0.0775,0.49473333333333336,0.41883333333333334,NA,NA,-328
0.9148,0,0.0087,0.0765,0.49366666666666664,0.42113333333333336,NA,NA,-329
0.916,0,0.008466666666666667,0.07553333333333333,0.4932,0.4228,NA,NA,-330
0.9173333333333333,0,0.008333333333333333,0.07433333333333333,0.4921,0.42523333333333335,NA,NA,-331
0.9186,0,0.008,0.0734,0.49156666666666665,0.4270333333333333,NA,NA,-332
0.9195666666666666,0,0.007866666666666666,0.07256666666666667,0.4903666666666667,0.4292,NA,NA,-333
0.9208333333333333,0,0.0076,0.07156666666666667,0.4896333333333333,0.43120000000000003,NA,NA,-334
0.9216666666666666,0,0.007466666666666667,0.07086666666666666,0.4882,0.43346666666666667,NA,NA,-335
0.9227333333333333,0,0.0072,0.07006666666666667,0.4875,0.43523333333333336,NA,NA,-336
0.9235333333333333,0,0.006933333333333333,0.06953333333333334,0.4863,0.4372333333333333,NA,NA,-337
0.9248333333333333,0,0.0067666666666666665,0.0684,0.4856333333333333,0.4392,NA,NA,-338
0.9261333333333334,0,0.0066,0.06726666666666667,0.4852666666666667,0.4408666666666667,NA,NA,-339
0.9271,0,0.0064333333333333334,0.06646666666666666,0.4847666666666667,0.44233333333333336,NA,NA,-340
0.9280333333333334,0,0.006266666666666667,0.0657,0.4837,0.44433333333333336,NA,NA,-341
0.9293333333333333,0,0.0062,0.06446666666666667,0.48356666666666664,0.44576666666666664,NA,NA,-342
0.9301666666666667,0,0.0061333333333333335,0.0637,0.48246666666666665,0.4477,NA,NA,-343
0.9311666666666667,0,0.005966666666666667,0.06286666666666667,0.4815,0.44966666666666666,NA,NA,-344
0.9321666666666667,0,0.005733333333333333,0.0621,0.47996666666666665,0.4522,NA,NA,-345
0.9333333333333333,0,0.005666666666666667,0.061,0.47846666666666665,0.45486666666666664,NA,NA,-346
0.9346,0,0.005566666666666667,0.059833333333333336,0.4779,0.4567,NA,NA,-347
0.9354666666666667,0,0.0055,0.059033333333333333,0.4768,0.45866666666666667,NA,NA,-348
0.9364333333333333,0,0.005366666666666666,0.0582,0.47563333333333335,0.4608,NA,NA,-349
0.9375,0,0.005233333333333334,0.05726666666666667,0.47526666666666667,0.46223333333333333,NA,NA,-350
0.9386,0,0.0051,0.0563,0.47463333333333335,0.4639666666666667,NA,NA,-351
0.9397,0,0.005,0.0553,0.47386666666666666,0.4658333333333333,NA,NA,-352
0.9405333333333333,0,0.004933333333333333,0.054533333333333336,0.4721666666666667,0.46836666666666665,NA,NA,-353
0.9414666666666667,0,0.0046,0.05393333333333333,0.47113333333333335,0.4703333333333333,NA,NA,-354
0.9424666666666667,0,0.0044,0.05313333333333333,0.4705,0.47196666666666665,NA,NA,-355
0.9434,0,0.0043,0.0523,0.4691666666666667,0.47423333333333334,NA,NA,-356
0.9443666666666667,0,0.0042,0.05143333333333333,0.4683333333333333,0.4760333333333333,NA,NA,-357
0.9453,0,0.004066666666666666,0.050633333333333336,0.4671666666666667,0.47813333333333335,NA,NA,-358
0.9461,0,0.003933333333333333,0.049966666666666666,0.4661,0.48,NA,NA,-359
0.947,0,0.0038666666666666667,0.049133333333333334,0.4645,0.4825,NA,NA,-360
0.9478,0,0.0036333333333333335,0.04856666666666667,0.46353333333333335,0.4842666666666667,NA,NA,-361
0.9487666666666666,0,0.0033666666666666667,0.04786666666666667,0.46226666666666666,0.4865,NA,NA,-362
0.9495666666666667,0,0.0033,0.04713333333333333,0.46116666666666667,0.4884,NA,NA,-363
0.9503666666666667,0,0.0033,0.04633333333333333,0.45953333333333335,0.49083333333333334,NA,NA,-364
0.9511,0,0.0032,0.0457,0.45816666666666667,0.49293333333333333,NA,NA,-365
0.9518,0,0.0031666666666666666,0.045033333333333335,0.4565666666666667,0.49523333333333336,NA,NA,-366
0.9526,0,0.0029666666666666665,0.04443333333333333,0.455,0.4976,NA,NA,-367
0.9533333333333334,0,0.0029333333333333334,0.04373333333333333,0.4534,0.49993333333333334,NA,NA,-368
0.9541333333333334,0,0.0028,0.04306666666666667,0.45226666666666665,0.5018666666666667,NA,NA,-369
0.9548666666666666,0,0.0026666666666666666,0.042466666666666666,0.4511,0.5037666666666667,NA,NA,-370
0.9559,0,0.0025666666666666667,0.04153333333333333,0.4499,0.506,NA,NA,-371
0.9568,0,0.0025,0.0407,0.4486,0.5082,NA,NA,-372
0.9575,0,0.0024333333333333334,0.04006666666666667,0.4471333333333333,0.5103666666666666,NA,NA,-373
0.9581666666666667,0,0.002266666666666667,0.03956666666666667,0.44543333333333335,0.5127333333333334,NA,NA,-374
0.9588666666666666,0,0.0022333333333333333,0.0389,0.4435,0.5153666666666666,NA,NA,-375
0.9593,0,0.0021333333333333334,0.038566666666666666,0.442,0.5173,NA,NA,-376
0.9598,0,0.0021333333333333334,0.038066666666666665,0.4405,0.5193,NA,NA,-377
0.9605333333333334,0,0.0020666666666666667,0.0374,0.43893333333333334,0.5216,NA,NA,-378
0.9612,0,0.0019666666666666665,0.036833333333333336,0.43756666666666666,0.5236333333333333,NA,NA,-379
0.9618333333333333,0,0.0019,0.03626666666666667,0.4356333333333333,0.5262,NA,NA,-380
0.9626,0,0.0018666666666666666,0.03553333333333333,0.4337,0.5289,NA,NA,-381
0.9635333333333334,0,0.0018,0.034666666666666665,0.4326,0.5309333333333334,NA,NA,-382
0.9641333333333333,0,0.0018,0.03406666666666667,0.43096666666666666,0.5331666666666667,NA,NA,-383
0.9649,0,0.0018,0.0333,0.42923333333333336,0.5356666666666666,NA,NA,-384
0.9656,0,0.0017,0.0327,0.42773333333333335,0.5378666666666667,NA,NA,-385
0.9659666666666666,0,0.0017,0.03233333333333333,0.42583333333333334,0.5401333333333334,NA,NA,-386
0.9663666666666667,0,0.0016666666666666668,0.031966666666666664,0.4241,0.5422666666666667,NA,NA,-387
0.9668,0,0.0016333333333333334,0.031566666666666666,0.42206666666666665,0.5447333333333333,NA,NA,-388
0.9673333333333334,0,0.0015666666666666667,0.0311,0.4198,0.5475333333333333,NA,NA,-389
0.9677666666666667,0,0.0015,0.030733333333333335,0.4186666666666667,0.5491,NA,NA,-390
0.9683666666666667,0,0.0014666666666666667,0.030166666666666668,0.4167666666666667,0.5516,NA,NA,-391
0.9691,0,0.0014,0.0295,0.4152,0.5539,NA,NA,-392
0.9696333333333333,0,0.0013666666666666666,0.029,0.4134,0.5562333333333334,NA,NA,-393
0.9700333333333333,0,0.0013666666666666666,0.0286,0.41176666666666667,0.5582666666666667,NA,NA,-394
0.9704666666666667,0,0.0012666666666666666,0.028266666666666666,0.4096,0.5608666666666666,NA,NA,-395
0.9711666666666666,0,0.0012666666666666666,0.027566666666666666,0.40803333333333336,0.5631333333333334,NA,NA,-396
0.9718333333333333,0,0.0011666666666666668,0.027,0.4070666666666667,0.5647666666666666,NA,NA,-397
0.9722333333333333,0,0.0011666666666666668,0.0266,0.40563333333333335,0.5666,NA,NA,-398
0.9727,0,0.0010666666666666667,0.026233333333333334,0.4036666666666667,0.5690333333333333,NA,NA,-399
0.9732,0,0.0010333333333333334,0.025766666666666667,0.4012,0.572,NA,NA,-400
0.9738,0,0.001,0.0252,0.39953333333333335,0.5742666666666667,NA,NA,-401
0.9741333333333333,0,0.001,0.024866666666666665,0.3978,0.5763333333333334,NA,NA,-402
0.9744666666666667,0,0.001,0.024533333333333334,0.3959666666666667,0.5785,NA,NA,-403
0.9749666666666666,0,0.001,0.024033333333333334,0.394,0.5809666666666666,NA,NA,-404
0.9755,0,9.333333333333333e-4,0.023566666666666666,0.3924,0.5831,NA,NA,-405
0.9760333333333333,0,9.333333333333333e-4,0.023033333333333333,0.39063333333333333,0.5854,NA,NA,-406
0.9765666666666667,0,9.333333333333333e-4,0.0225,0.3886,0.5879666666666666,NA,NA,-407
0.9769,0,8.666666666666666e-4,0.022233333333333334,0.3864666666666667,0.5904333333333334,NA,NA,-408
0.9771666666666666,0,8.666666666666666e-4,0.021966666666666666,0.3848666666666667,0.5923,NA,NA,-409
0.9775,0,8.666666666666666e-4,0.021633333333333334,0.3832333333333333,0.5942666666666667,NA,NA,-410
0.9781,0,8.666666666666666e-4,0.021033333333333334,0.3818,0.5963,NA,NA,-411
0.9786333333333334,0,7.666666666666667e-4,0.0206,0.37976666666666664,0.5988666666666667,NA,NA,-412
0.9791666666666666,0,7e-4,0.020133333333333333,0.37783333333333335,0.6013333333333334,NA,NA,-413
0.9796333333333334,0,7e-4,0.019666666666666666,0.3762333333333333,0.6034,NA,NA,-414
0.9802,0,7e-4,0.0191,0.3747,0.6055,NA,NA,-415
0.9807,0,6.666666666666666e-4,0.01863333333333333,0.37306666666666666,0.6076333333333334,NA,NA,-416
0.9810666666666666,0,6.333333333333333e-4,0.0183,0.3711,0.6099666666666667,NA,NA,-417
0.9815,0,6e-4,0.0179,0.3696,0.6119,NA,NA,-418
0.9818,0,5.666666666666667e-4,0.017633333333333334,0.3677666666666667,0.6140333333333333,NA,NA,-419
0.9823,0,5e-4,0.0172,0.3660333333333333,0.6162666666666666,NA,NA,-420
0.9827,0,5e-4,0.0168,0.3644,0.6183,NA,NA,-421
0.9829333333333333,0,5e-4,0.016566666666666667,0.36206666666666665,0.6208666666666667,NA,NA,-422
0.9833,0,4.6666666666666666e-4,0.016233333333333332,0.3601666666666667,0.6231333333333333,NA,NA,-423
0.9837666666666667,0,4.6666666666666666e-4,0.015766666666666665,0.35896666666666666,0.6248,NA,NA,-424
0.9840666666666666,0,4.333333333333333e-4,0.0155,0.3574333333333333,0.6266333333333334,NA,NA,-425
0.9845,0,4.333333333333333e-4,0.015066666666666667,0.35563333333333336,0.6288666666666667,NA,NA,-426
0.9848666666666667,0,4.333333333333333e-4,0.0147,0.3531666666666667,0.6317,NA,NA,-427
0.9851666666666666,0,4e-4,0.014433333333333333,0.35123333333333334,0.6339333333333333,NA,NA,-428
0.9855333333333334,0,3.6666666666666667e-4,0.0141,0.3495,0.6360333333333333,NA,NA,-429
0.9856,0,3.6666666666666667e-4,0.014033333333333333,0.34703333333333336,0.6385666666666666,NA,NA,-430
0.9857666666666667,0,3.6666666666666667e-4,0.013866666666666666,0.3451666666666667,0.6406,NA,NA,-431
0.9860666666666666,0,3.6666666666666667e-4,0.013566666666666666,0.34313333333333335,0.6429333333333334,NA,NA,-432
0.9863333333333333,0,3e-4,0.013366666666666667,0.3411,0.6452333333333333,NA,NA,-433
0.9867,0,3e-4,0.013,0.3394,0.6473,NA,NA,-434
0.9870333333333333,0,3e-4,0.012666666666666666,0.33763333333333334,0.6494,NA,NA,-435
0.9873,0,2.666666666666667e-4,0.012433333333333333,0.3359666666666667,0.6513333333333333,NA,NA,-436
0.9875333333333334,0,2.666666666666667e-4,0.0122,0.33413333333333334,0.6534,NA,NA,-437
0.9878333333333333,0,2.666666666666667e-4,0.0119,0.33266666666666667,0.6551666666666667,NA,NA,-438
0.9882,0,2e-4,0.0116,0.33116666666666666,0.6570333333333334,NA,NA,-439
0.9885666666666667,0,2e-4,0.011233333333333333,0.32943333333333336,0.6591333333333333,NA,NA,-440
0.9888,0,1.6666666666666666e-4,0.011033333333333332,0.3280666666666667,0.6607333333333333,NA,NA,-441
0.989,0,1.6666666666666666e-4,0.010833333333333334,0.3261,0.6629,NA,NA,-442
0.9894333333333334,0,1.6666666666666666e-4,0.0104,0.3243333333333333,0.6651,NA,NA,-443
0.9896666666666667,0,1.6666666666666666e-4,0.010166666666666666,0.3227333333333333,0.6669333333333334,NA,NA,-444
0.9898666666666667,0,1.6666666666666666e-4,0.009966666666666667,0.32056666666666667,0.6693,NA,NA,-445
0.9902333333333333,0,1.3333333333333334e-4,0.009633333333333334,0.3191,0.6711333333333334,NA,NA,-446
0.9904333333333334,0,1.3333333333333334e-4,0.0094333333333333335,0.3177333333333333,0.6727,NA,NA,-447
0.9905,0,1.3333333333333334e-4,0.009366666666666667,0.31606666666666666,0.6744333333333333,NA,NA,-448
0.9906,0,1.3333333333333334e-4,0.009266666666666666,0.31406666666666666,0.6765333333333333,NA,NA,-449
0.9908666666666667,0,1e-4,0.009033333333333334,0.31233333333333335,0.6785333333333333,NA,NA,-450
0.9910333333333333,0,1e-4,0.008866666666666667,0.3107666666666667,0.6802666666666667,NA,NA,-451
0.9911,0,1e-4,0.0088,0.30906666666666666,0.6820333333333334,NA,NA,-452
0.9912333333333333,0,1e-4,0.008666666666666666,0.30716666666666664,0.6840666666666667,NA,NA,-453
0.9914,0,1e-4,0.0085,0.3050333333333333,0.6863666666666667,NA,NA,-454
0.9915666666666667,0,1e-4,0.008333333333333333,0.30296666666666666,0.6886,NA,NA,-455
0.9918666666666667,0,1e-4,0.008033333333333333,0.3016666666666667,0.6902,NA,NA,-456
0.9920666666666667,0,1e-4,0.007833333333333333,0.29946666666666666,0.6926,NA,NA,-457
0.9923,0,1e-4,0.0076,0.29806666666666665,0.6942333333333334,NA,NA,-458
0.9926333333333334,0,1e-4,0.007266666666666667,0.2962666666666667,0.6963666666666667,NA,NA,-459
0.9927333333333334,0,1e-4,0.007166666666666667,0.29436666666666667,0.6983666666666667,NA,NA,-460
0.9928333333333333,0,1e-4,0.007066666666666666,0.29263333333333336,0.7002,NA,NA,-461
0.9931,0,1e-4,0.0068,0.2914333333333333,0.7016666666666667,NA,NA,-462
0.9933666666666666,0,1e-4,0.006533333333333334,0.2901666666666667,0.7032,NA,NA,-463
0.9934666666666667,0,1e-4,0.0064333333333333334,0.2885,0.7049666666666666,NA,NA,-464
0.9937,0,1e-4,0.0062,0.2869333333333333,0.7067666666666667,NA,NA,-465
0.9939333333333333,0,1e-4,0.005966666666666667,0.2855,0.7084333333333334,NA,NA,-466
0.9940333333333333,0,1e-4,0.005866666666666667,0.2836,0.7104333333333334,NA,NA,-467
0.9941666666666666,0,1e-4,0.005733333333333333,0.28176666666666667,0.7124,NA,NA,-468
0.9942666666666666,0,1e-4,0.005633333333333333,0.2802,0.7140666666666666,NA,NA,-469
0.9943333333333333,0,6.666666666666667e-5,0.0056,0.27863333333333334,0.7157,NA,NA,-470
0.9944333333333333,0,6.666666666666667e-5,0.0055,0.27666666666666667,0.7177666666666667,NA,NA,-471
0.9946,0,6.666666666666667e-5,0.005333333333333333,0.27513333333333334,0.7194666666666667,NA,NA,-472
0.9948333333333333,0,6.666666666666667e-5,0.0051,0.27403333333333335,0.7208,NA,NA,-473
0.995,0,6.666666666666667e-5,0.004933333333333333,0.27253333333333335,0.7224666666666667,NA,NA,-474
0.9952,0,6.666666666666667e-5,0.004733333333333333,0.27103333333333335,0.7241666666666666,NA,NA,-475
0.9954333333333333,0,6.666666666666667e-5,0.0045,0.2694666666666667,0.7259666666666666,NA,NA,-476
0.9955,0,6.666666666666667e-5,0.004433333333333333,0.2683333333333333,0.7271666666666666,NA,NA,-477
0.9956,0,6.666666666666667e-5,0.004333333333333333,0.26653333333333334,0.7290666666666666,NA,NA,-478
0.9956333333333334,0,6.666666666666667e-5,0.0043,0.2650666666666667,0.7305666666666667,NA,NA,-479
0.9956666666666667,0,6.666666666666667e-5,0.004266666666666667,0.26366666666666666,0.732,NA,NA,-480
0.9958,0,6.666666666666667e-5,0.0041333333333333335,0.2623,0.7335,NA,NA,-481
0.9959,0,6.666666666666667e-5,0.004033333333333333,0.26103333333333334,0.7348666666666667,NA,NA,-482
0.9961,0,3.3333333333333335e-5,0.0038666666666666667,0.2597,0.7364,NA,NA,-483
0.9962333333333333,0,3.3333333333333335e-5,0.0037333333333333333,0.2582333333333333,0.738,NA,NA,-484
0.9963333333333333,0,3.3333333333333335e-5,0.0036333333333333335,0.2566333333333333,0.7397,NA,NA,-485
0.9963666666666666,0,3.3333333333333335e-5,0.0036,0.2544666666666667,0.7419,NA,NA,-486
0.9965333333333334,0,3.3333333333333335e-5,0.0034333333333333334,0.25316666666666665,0.7433666666666666,NA,NA,-487
0.9965666666666667,0,3.3333333333333335e-5,0.0034,0.25146666666666667,0.7451,NA,NA,-488
0.9966333333333334,0,3.3333333333333335e-5,0.0033333333333333335,0.24973333333333333,0.7469,NA,NA,-489
0.9967333333333334,0,3.3333333333333335e-5,0.0032333333333333333,0.24816666666666667,0.7485666666666667,NA,NA,-490
0.9967666666666667,0,3.3333333333333335e-5,0.0032,0.24686666666666668,0.7499,NA,NA,-491
0.9970333333333333,0,3.3333333333333335e-5,0.0029333333333333334,0.2457,0.7513333333333333,NA,NA,-492
0.9971,0,3.3333333333333335e-5,0.0028666666666666667,0.2443,0.7528,NA,NA,-493
0.9971333333333333,0,3.3333333333333335e-5,0.0028333333333333335,0.2423,0.7548333333333334,NA,NA,-494
0.9972666666666666,0,3.3333333333333335e-5,0.0027,0.24073333333333333,0.7565333333333333,NA,NA,-495
0.9973,0,3.3333333333333335e-5,0.0026666666666666666,0.2392,0.7581,NA,NA,-496
0.9973333333333333,0,0,0.0026666666666666666,0.23736666666666667,0.7599666666666667,NA,NA,-497
0.9974,0,0,0.0026,0.23613333333333333,0.7612666666666666,NA,NA,-498
0.9975,0,0,0.0025,0.2347,0.7628,NA,NA,-499
0.9975666666666667,0,0,0.0024333333333333334,0.23346666666666666,0.7641,NA,NA,-500
