obesity_rate,underweight,healthy_weight,overweight,obese,very_obese,av_bmi_decrease_of_targeted,av_weight_decrease_of_targeted,kcal
0.12223333333333333,0.012666666666666666,0.7343666666666666,0.13073333333333334,0.08583333333333333,0.0364,NA,NA,0
0.12056666666666667,0.013433333333333334,0.7373,0.1287,0.08446666666666666,0.0361,0.024671320765481085,0.02947956698288584,1
0.11863333333333333,0.0144,0.7409333333333333,0.12603333333333333,0.08286666666666667,0.03576666666666667,0.049342641530963266,0.058959133965772965,2
0.1167,0.0154,0.7443666666666666,0.12353333333333333,0.08143333333333333,0.03526666666666667,0.07401396229644554,0.08843870094866017,3
0.1151,0.0167,0.7465666666666667,0.12163333333333333,0.08026666666666667,0.034833333333333334,0.0986852830619277,0.11791826793154728,4
0.11333333333333333,0.0176,0.7495,0.11956666666666667,0.07886666666666667,0.034466666666666666,0.12335660382740987,0.1473978349144344,5
0.11186666666666667,0.018666666666666668,0.7519,0.11756666666666667,0.07776666666666666,0.0341,0.14802792459289213,0.17687740189732157,6
0.10983333333333334,0.019933333333333334,0.7547333333333334,0.1155,0.0762,0.033633333333333335,0.1726992453583743,0.20635696888020869,7
0.10853333333333333,0.0211,0.7573666666666666,0.113,0.0753,0.03323333333333333,0.19737056612385645,0.23583653586309578,8
0.1068,0.0222,0.7598666666666667,0.11113333333333333,0.074,0.0328,0.22204188688933874,0.26531610284598306,9
0.10503333333333334,0.023333333333333334,0.7620666666666667,0.10956666666666667,0.07253333333333334,0.0325,0.2467132076548209,0.29479566982887007,10
0.1036,0.024533333333333334,0.7643333333333333,0.10753333333333333,0.07153333333333334,0.03206666666666667,0.2713845284203031,0.32427523681175724,11
0.10226666666666667,0.025733333333333334,0.7663,0.1057,0.0704,0.03186666666666667,0.2960558491857854,0.35375480379464447,12
0.1005,0.026733333333333335,0.769,0.10376666666666666,0.06883333333333333,0.03166666666666667,0.32072716995126754,0.38323437077753164,13
0.09906666666666666,0.0283,0.7706333333333333,0.102,0.06763333333333334,0.031433333333333334,0.34539849071674983,0.4127139377604188,14
0.0974,0.030033333333333332,0.7723666666666666,0.1002,0.0662,0.0312,0.37006981148223195,0.44219350474330593,15
0.09633333333333334,0.03153333333333333,0.7752333333333333,0.0969,0.06556666666666666,0.030766666666666668,0.3947411322477141,0.47167307172619305,16
0.09483333333333334,0.0331,0.7773666666666667,0.0947,0.06453333333333333,0.0303,0.41941245301319646,0.5011526387090802,17
0.0934,0.034833333333333334,0.779,0.09276666666666666,0.06336666666666667,0.030033333333333332,0.4440837737786787,0.5306322056919675,18
0.09183333333333334,0.03713333333333333,0.7798666666666667,0.09116666666666666,0.062033333333333336,0.0298,0.46875509454416087,0.5601117726748546,19
0.0904,0.0397,0.7808333333333334,0.08906666666666667,0.0609,0.0295,0.4934264153096431,0.5895913396577418,20
0.08906666666666667,0.04176666666666667,0.7821,0.08706666666666667,0.05996666666666667,0.0291,0.5180977360751253,0.6190709066406289,21
0.0882,0.0435,0.783,0.0853,0.059533333333333334,0.028666666666666667,0.5427690568406075,0.648550473623516,22
0.08723333333333333,0.045533333333333335,0.7837333333333333,0.0835,0.0589,0.028333333333333332,0.5674403776060897,0.6780300406064032,23
0.08616666666666667,0.04716666666666667,0.7851333333333333,0.08153333333333333,0.05793333333333334,0.028233333333333333,0.5921116983715718,0.7075096075892905,24
0.0849,0.049433333333333336,0.7850666666666667,0.0806,0.05703333333333333,0.027866666666666668,0.6167830191370541,0.7369891745721775,25
0.08356666666666666,0.05156666666666666,0.7855,0.07936666666666667,0.056133333333333334,0.027433333333333334,0.6414543399025363,0.7664687415550647,26
0.0823,0.054266666666666664,0.7853333333333333,0.0781,0.05503333333333333,0.027266666666666668,0.6661256606680186,0.7959483085379517,27
0.08113333333333334,0.056933333333333336,0.7849,0.07703333333333333,0.0542,0.026933333333333333,0.6907969814335007,0.8254278755208388,28
0.07986666666666667,0.059333333333333335,0.7848,0.076,0.053066666666666665,0.0268,0.715468302198983,0.8549074425037262,29
0.07906666666666666,0.06246666666666666,0.7838,0.07466666666666667,0.052566666666666664,0.0265,0.7401396229644651,0.8843870094866132,30
0.0782,0.0649,0.7835666666666666,0.07333333333333333,0.052,0.0262,0.7648109437299473,0.9138665764695003,31
0.07696666666666667,0.0681,0.7829666666666667,0.07196666666666666,0.05096666666666667,0.026,0.7894822644954296,0.9433461434523875,32
0.07576666666666666,0.07053333333333334,0.7829,0.0708,0.049966666666666666,0.0258,0.8141535852609117,0.9728257104352748,33
0.07493333333333334,0.07306666666666667,0.7824666666666666,0.06953333333333334,0.04933333333333333,0.0256,0.8388249060263938,1.0023052774181618,34
0.0741,0.07603333333333333,0.7815,0.06836666666666667,0.048766666666666666,0.025333333333333333,0.8634962267918762,1.031784844401049,35
0.07336666666666666,0.0796,0.7799333333333334,0.0671,0.048233333333333336,0.025133333333333334,0.8881675475573583,1.0612644113839362,36
0.07266666666666667,0.08283333333333333,0.779,0.0655,0.0479,0.024766666666666666,0.9128388683228407,1.0907439783668234,37
0.07153333333333334,0.08613333333333334,0.7780666666666667,0.06426666666666667,0.047066666666666666,0.024466666666666668,0.9375101890883227,1.1202235453497105,38
0.07066666666666667,0.08936666666666666,0.777,0.06296666666666667,0.04646666666666667,0.0242,0.962181509853805,1.1497031123325976,39
0.06966666666666667,0.09306666666666667,0.7751666666666667,0.0621,0.045733333333333334,0.023933333333333334,0.9868528306192872,1.1791826793154847,40
0.06893333333333333,0.0969,0.7727,0.06146666666666667,0.04543333333333333,0.0235,1.0115241513847695,1.2086622462983718,41
0.0683,0.1007,0.7709333333333334,0.060066666666666664,0.04516666666666667,0.023133333333333332,1.0361954721502518,1.238141813281259,42
0.06766666666666667,0.10453333333333334,0.7687666666666667,0.059033333333333333,0.04476666666666667,0.0229,1.060866792915734,1.2676213802641463,43
0.06686666666666667,0.1083,0.7670333333333333,0.0578,0.0442,0.02266666666666667,1.085538113681216,1.2971009472470332,44
0.06586666666666667,0.11153333333333333,0.7652,0.0574,0.0434,0.022466666666666666,1.1102094344466984,1.3265805142299205,45
0.06486666666666667,0.1153,0.7631,0.05673333333333333,0.04253333333333333,0.022333333333333334,1.1348807552121805,1.3560600812128079,46
0.0641,0.11943333333333334,0.7606666666666667,0.0558,0.041966666666666666,0.022133333333333335,1.1595520759776627,1.385539648195695,47
0.06336666666666667,0.12336666666666667,0.7588,0.05446666666666666,0.0416,0.021766666666666667,1.184223396743145,1.415019215178582,48
0.0624,0.12766666666666668,0.7564,0.053533333333333336,0.04083333333333333,0.021566666666666668,1.2088947175086273,1.4444987821614692,49
0.061733333333333335,0.13246666666666668,0.7531,0.0527,0.0405,0.021233333333333333,1.2335660382741094,1.4739783491443563,50
0.0608,0.13743333333333332,0.7503,0.05146666666666667,0.03983333333333333,0.020966666666666668,1.2582373590395917,1.5034579161272434,51
0.059866666666666665,0.14196666666666666,0.7467666666666667,0.0514,0.03903333333333334,0.020833333333333332,1.282908679805074,1.5329374831101306,52
0.059366666666666665,0.1472,0.7429666666666667,0.05046666666666667,0.0387,0.020666666666666667,1.307580000570556,1.562417050093018,53
0.05873333333333333,0.15193333333333334,0.74,0.04933333333333333,0.038533333333333336,0.0202,1.332251321336038,1.591896617075905,54
0.0583,0.1572,0.7359333333333333,0.04856666666666667,0.0383,0.02,1.3569226421015206,1.6213761840587921,55
0.0576,0.16203333333333333,0.7326333333333334,0.047733333333333336,0.0377,0.0199,1.3815939628670026,1.6508557510416793,56
0.0569,0.1671,0.7294666666666667,0.046533333333333336,0.03716666666666667,0.019733333333333332,1.406265283632485,1.6803353180245664,57
0.05633333333333333,0.17216666666666666,0.7256,0.0459,0.03676666666666667,0.019566666666666666,1.430936604397967,1.7098148850074535,58
0.0558,0.17756666666666668,0.7216333333333333,0.045,0.0364,0.0194,1.4556079251634493,1.7392944519903406,59
0.0551,0.1833,0.7173666666666667,0.04423333333333333,0.0359,0.0192,1.4802792459289313,1.7687740189732277,60
0.054733333333333335,0.18843333333333334,0.7137,0.043133333333333336,0.0357,0.019033333333333333,1.5049505666944138,1.7982535859561148,61
0.0541,0.19373333333333334,0.7100333333333333,0.042133333333333335,0.03526666666666667,0.018833333333333334,1.529621887459896,1.8277331529390022,62
0.05343333333333333,0.1997,0.7055,0.04136666666666667,0.034833333333333334,0.0186,1.554293208225378,1.8572127199218893,63
0.05296666666666667,0.2049,0.7016333333333333,0.0405,0.034633333333333335,0.018333333333333333,1.5789645289908603,1.8866922869047764,64
0.0524,0.2106,0.6971666666666667,0.03983333333333333,0.0341,0.0183,1.6036358497563425,1.9161718538876635,65
0.051866666666666665,0.2154,0.6937,0.03903333333333334,0.03403333333333333,0.017833333333333333,1.6283071705218246,1.9456514208705509,66
0.05093333333333333,0.22166666666666668,0.6883666666666667,0.03903333333333334,0.033133333333333334,0.0178,1.652978491287307,1.9751309878534378,67
0.05046666666666667,0.22763333333333333,0.6836333333333333,0.038266666666666664,0.0329,0.017566666666666668,1.6776498120527892,2.0046105548363253,68
0.05003333333333333,0.23396666666666666,0.6786333333333333,0.037366666666666666,0.032766666666666666,0.017266666666666666,1.7023211328182715,2.0340901218192124,69
0.04973333333333333,0.23906666666666668,0.6749666666666667,0.03623333333333333,0.0327,0.017033333333333334,1.7269924535837535,2.0635696888020996,70
0.049133333333333334,0.245,0.6698,0.036066666666666664,0.032233333333333336,0.0169,1.7516637743492358,2.0930492557849867,71
0.04856666666666667,0.25066666666666665,0.6654,0.035366666666666664,0.03183333333333333,0.016733333333333333,1.776335095114718,2.122528822767874,72
0.048,0.25683333333333336,0.6606,0.03456666666666667,0.031466666666666664,0.016533333333333334,1.8010064158802004,2.152008389750761,73
0.0475,0.2633,0.6554666666666666,0.03373333333333333,0.0311,0.0164,1.8256777366456822,2.181487956733648,74
0.046933333333333334,0.2697,0.6500666666666667,0.0333,0.030633333333333332,0.0163,1.8503490574111647,2.210967523716535,75
0.0464,0.27576666666666666,0.6449333333333334,0.0329,0.030266666666666667,0.016133333333333333,1.8750203781766468,2.2404470906994223,76
0.046066666666666665,0.28246666666666664,0.6394333333333333,0.03203333333333333,0.0301,0.015966666666666667,1.899691698942129,2.2699266576823094,77
0.04566666666666667,0.28926666666666667,0.6338,0.031266666666666665,0.029833333333333333,0.015833333333333335,1.9243630197076111,2.2994062246651965,78
0.04516666666666667,0.2960333333333333,0.6281,0.0307,0.029466666666666665,0.0157,1.9490343404730934,2.3288857916480836,79
0.04493333333333333,0.30266666666666664,0.6226,0.0298,0.029366666666666666,0.015566666666666666,1.9737056612385757,2.3583653586309707,80
0.04443333333333333,0.3084,0.6176666666666667,0.0295,0.029,0.015433333333333334,1.998376982004058,2.387844925613858,81
0.043866666666666665,0.3143,0.6125,0.029333333333333333,0.0286,0.015266666666666666,2.0230483027695403,2.417324492596745,82
0.043366666666666664,0.31983333333333336,0.6077333333333333,0.029066666666666668,0.028266666666666666,0.0151,2.047719623535022,2.446804059579632,83
0.042833333333333334,0.3267,0.6013333333333334,0.029133333333333334,0.027966666666666667,0.014866666666666667,2.072390944300505,2.4762836265625197,84
0.0424,0.3331,0.5962333333333333,0.028266666666666666,0.027633333333333333,0.014766666666666668,2.0970622650659867,2.5057631935454068,85
0.042,0.3399333333333333,0.5902,0.027866666666666668,0.02723333333333333,0.014766666666666668,2.121733585831469,2.535242760528294,86
0.04156666666666667,0.3461,0.5847333333333333,0.0276,0.026966666666666667,0.0146,2.1464049065969513,2.564722327511181,87
0.040966666666666665,0.3525,0.5790333333333333,0.0275,0.026566666666666666,0.0144,2.171076227362433,2.594201894494068,88
0.040433333333333335,0.35906666666666665,0.5732333333333334,0.027266666666666668,0.026266666666666667,0.014166666666666666,2.1957475481279154,2.6236814614769552,89
0.03986666666666667,0.36643333333333333,0.5665,0.0272,0.025933333333333333,0.013933333333333334,2.2204188688933977,2.6531610284598424,90
0.039266666666666665,0.3742,0.5594,0.027133333333333332,0.0254,0.013866666666666666,2.24509018965888,2.6826405954427295,91
0.03866666666666667,0.38076666666666664,0.5535,0.027066666666666666,0.025,0.013666666666666667,2.2697615104243627,2.712120162425617,92
0.0382,0.38766666666666666,0.5473,0.026833333333333334,0.0248,0.0134,2.2944328311898445,2.7415997294085037,93
0.03766666666666667,0.39486666666666664,0.5408666666666667,0.0266,0.024433333333333335,0.013233333333333333,2.3191041519553264,2.771079296391391,94
0.03726666666666666,0.40203333333333335,0.5348666666666667,0.025833333333333333,0.0241,0.013166666666666667,2.343775472720809,2.800558863374278,95
0.03696666666666667,0.4081,0.5295666666666666,0.025366666666666666,0.023933333333333334,0.013033333333333333,2.368446793486291,2.830038430357165,96
0.03666666666666667,0.41556666666666664,0.5229666666666667,0.0248,0.0237,0.012966666666666666,2.3931181142517732,2.859517997340052,97
0.03613333333333334,0.4221666666666667,0.5171333333333333,0.024566666666666667,0.0232,0.012933333333333333,2.4177894350172555,2.8889975643229397,98
0.0358,0.42893333333333333,0.5108333333333334,0.024433333333333335,0.022966666666666666,0.012833333333333334,2.442460755782738,2.918477131305827,99
0.03546666666666667,0.4352,0.5051333333333333,0.0242,0.0228,0.012666666666666666,2.46713207654822,2.9479566982887135,100
0.03496666666666667,0.4416333333333333,0.49943333333333334,0.023966666666666667,0.022466666666666666,0.0125,2.4918033973137024,2.9774362652716015,101
0.0346,0.44826666666666665,0.4935,0.023633333333333333,0.0222,0.0124,2.516474718079184,3.006915832254488,102
0.0343,0.4549666666666667,0.48743333333333333,0.0233,0.0221,0.0122,2.5411460388446665,3.0363953992373753,103
0.034,0.46103333333333335,0.48196666666666665,0.023,0.022033333333333332,0.011966666666666667,2.565817359610149,3.065874966220263,104
0.033666666666666664,0.4670666666666667,0.4767,0.022566666666666665,0.0218,0.011866666666666666,2.5904886803756306,3.09535453320315,105
0.0334,0.4736,0.4708,0.0222,0.021766666666666667,0.011633333333333334,2.6151600011411134,3.124834100186037,106
0.03286666666666667,0.4797666666666667,0.4652,0.022166666666666668,0.0213,0.011566666666666666,2.639831321906595,3.154313667168924,107
0.032433333333333335,0.48533333333333334,0.4602,0.022033333333333332,0.020966666666666668,0.011466666666666667,2.664502642672078,3.1837932341518114,108
0.0321,0.4921,0.4539,0.0219,0.0207,0.0114,2.6891739634375598,3.2132728011346985,109
0.03183333333333333,0.49856666666666666,0.44783333333333336,0.021766666666666667,0.020633333333333333,0.0112,2.713845284203042,3.242752368117585,110
0.031433333333333334,0.5045333333333333,0.4423666666666667,0.021666666666666667,0.020266666666666665,0.011166666666666667,2.7385166049685243,3.2722319351004727,111
0.0308,0.5107,0.43666666666666665,0.021833333333333333,0.019766666666666665,0.011033333333333332,2.7631879257340066,3.30171150208336,112
0.030433333333333333,0.5182,0.42996666666666666,0.0214,0.019533333333333333,0.0109,2.7878592464994885,3.3311910690662465,113
0.030133333333333335,0.5241333333333333,0.42433333333333334,0.0214,0.0194,0.010733333333333333,2.8125305672649707,3.360670636049134,114
0.0299,0.5302666666666667,0.4186666666666667,0.021166666666666667,0.019366666666666667,0.010533333333333334,2.837201888030453,3.390150203032021,115
0.029633333333333334,0.5356666666666666,0.41376666666666667,0.020933333333333335,0.019166666666666665,0.010466666666666668,2.8618732087959353,3.4196297700149083,116
0.029533333333333335,0.5416,0.4084,0.020466666666666668,0.0192,0.010333333333333333,2.8865445295614176,3.4491093369977954,117
0.029233333333333333,0.5478333333333333,0.4027,0.020233333333333332,0.019,0.010233333333333334,2.9112158503268994,3.4785889039806825,118
0.029066666666666668,0.5534,0.3978,0.019733333333333332,0.0189,0.010166666666666666,2.935887171092382,3.50806847096357,119
0.028933333333333332,0.5599,0.3917333333333333,0.019433333333333334,0.019033333333333333,0.0099,2.960558491857864,3.5375480379464572,120
0.028666666666666667,0.5653,0.3867333333333333,0.0193,0.018766666666666668,0.0099,2.9852298126233463,3.5670276049293443,121
0.0284,0.5716,0.38106666666666666,0.018933333333333333,0.0186,0.0098,3.0099011333888286,3.5965071719122315,122
0.0282,0.5774333333333334,0.37606666666666666,0.0183,0.018433333333333333,0.009766666666666667,3.0345724541543104,3.6259867388951186,123
0.028066666666666667,0.5838333333333333,0.3699,0.0182,0.018466666666666666,0.0096,3.059243774919793,3.6554663058780057,124
0.0277,0.5890333333333333,0.3652666666666667,0.018,0.018166666666666668,0.009533333333333333,3.083915095685275,3.684945872860893,125
0.027466666666666667,0.5945333333333334,0.3601666666666667,0.017833333333333333,0.018,0.009466666666666667,3.1085864164507573,3.71442543984378,126
0.0273,0.6000333333333333,0.3551666666666667,0.0175,0.017933333333333332,0.009366666666666667,3.1332577372162396,3.743905006826667,127
0.027033333333333333,0.6062333333333333,0.34946666666666665,0.017266666666666666,0.017733333333333334,0.0093,3.157929057981722,3.773384573809554,128
0.0268,0.6122666666666666,0.34373333333333334,0.0172,0.0175,0.0093,3.1826003787472037,3.8028641407924413,129
0.0266,0.6194666666666667,0.3369333333333333,0.017,0.017333333333333333,0.009266666666666666,3.2072716995126864,3.8323437077753284,130
0.026233333333333334,0.6252333333333333,0.3315666666666667,0.016966666666666668,0.017066666666666667,0.009166666666666667,3.2319430202781683,3.8618232747582155,131
0.0259,0.6303333333333333,0.32693333333333335,0.016833333333333332,0.016733333333333333,0.009166666666666667,3.256614341043651,3.8913028417411026,132
0.025633333333333334,0.6359,0.3218,0.016666666666666666,0.016533333333333334,0.0091,3.281285661809133,3.9207824087239898,133
0.025333333333333333,0.6407333333333334,0.31753333333333333,0.0164,0.016433333333333335,0.0089,3.3059569825746147,3.950261975706877,134
0.024966666666666668,0.6455333333333333,0.3131,0.0164,0.016133333333333333,0.008833333333333334,3.3306283033400974,3.979741542689764,135
0.0248,0.6509,0.3083,0.016,0.016033333333333333,0.008766666666666667,3.3552996241055792,4.0092211096726516,136
0.024366666666666665,0.6561333333333333,0.30333333333333334,0.016166666666666666,0.015633333333333332,0.008733333333333333,3.3799709448710615,4.038700676655538,137
0.0242,0.6611666666666667,0.2987666666666667,0.015866666666666668,0.0156,0.0086,3.404642265636544,4.068180243638426,138
0.024033333333333334,0.6669666666666667,0.29346666666666665,0.015533333333333333,0.015533333333333333,0.0085,3.429313586402026,4.097659810621313,139
0.023633333333333333,0.6723,0.2886666666666667,0.0154,0.015166666666666667,0.008466666666666667,3.4539849071675084,4.1271393776042,140
0.0234,0.6773666666666667,0.28403333333333336,0.0152,0.015,0.0084,3.4786562279329907,4.156618944587088,141
0.0231,0.6816,0.28013333333333335,0.015166666666666667,0.014766666666666668,0.008333333333333333,3.5033275486984725,4.186098511569974,142
0.022966666666666666,0.6863,0.27573333333333333,0.015,0.014666666666666666,0.0083,3.5279988694639552,4.215578078552861,143
0.0227,0.6913,0.2712333333333333,0.014766666666666668,0.014433333333333333,0.008266666666666667,3.552670190229437,4.245057645535749,144
0.022433333333333333,0.6958333333333333,0.26726666666666665,0.014466666666666666,0.0143,0.008133333333333333,3.57734151099492,4.274537212518636,145
0.022133333333333335,0.7004333333333334,0.26306666666666667,0.014366666666666666,0.014066666666666667,0.008066666666666666,3.6020128317604017,4.304016779501523,146
0.022,0.7049333333333333,0.2588666666666667,0.0142,0.014,0.008,3.626684152525884,4.33349634648441,147
0.021666666666666667,0.7089333333333333,0.25533333333333336,0.014066666666666667,0.0137,0.007966666666666667,3.6513554732913662,4.362975913467298,148
0.021533333333333335,0.7137666666666667,0.25083333333333335,0.013866666666666666,0.013666666666666667,0.007866666666666666,3.676026794056848,4.3924554804501845,149
0.021333333333333333,0.7176,0.2475,0.013566666666666666,0.013666666666666667,0.007666666666666666,3.7006981148223304,4.421935047433071,150
0.021,0.7226666666666667,0.24276666666666666,0.013566666666666666,0.0134,0.0076,3.7253694355878126,4.451414614415959,151
0.0209,0.7268333333333333,0.239,0.013266666666666666,0.0133,0.0076,3.750040756353295,4.480894181398845,152
0.020666666666666667,0.7312,0.235,0.013133333333333334,0.0131,0.007566666666666667,3.774712077118777,4.510373748381733,153
0.0205,0.7360666666666666,0.23076666666666668,0.012666666666666666,0.013033333333333333,0.007466666666666667,3.7993833978842595,4.53985331536462,154
0.020233333333333332,0.7401666666666666,0.2271,0.0125,0.0128,0.0074333333333333335,3.8240547186497413,4.569332882347507,155
0.020133333333333333,0.7437666666666667,0.2237,0.0124,0.012733333333333333,0.0074,3.848726039415224,4.598812449330394,156
0.019933333333333334,0.7477,0.22013333333333332,0.012233333333333334,0.012633333333333333,0.0073,3.873397360180706,4.628292016313282,157
0.019666666666666666,0.7512,0.217,0.012133333333333333,0.012433333333333333,0.007233333333333333,3.8980686809461877,4.657771583296168,158
0.0194,0.7552,0.2133,0.0121,0.012266666666666667,0.0071333333333333335,3.9227400017116705,4.687251150279056,159
0.0192,0.7592333333333333,0.20963333333333334,0.011933333333333334,0.012166666666666666,0.007033333333333333,3.9474113224771523,4.716730717261943,160
0.018966666666666666,0.7630666666666667,0.20606666666666668,0.0119,0.011966666666666667,0.007,3.972082643242635,4.74621028424483,161
0.018733333333333334,0.7661333333333333,0.20323333333333332,0.0119,0.011766666666666667,0.006966666666666667,3.996753964008117,4.775689851227717,162
0.0186,0.7699333333333334,0.1998,0.011666666666666667,0.011666666666666667,0.006933333333333333,4.021425284773599,4.805169418210605,163
0.018466666666666666,0.7731333333333333,0.1969,0.0115,0.011566666666666666,0.0069,4.0460966055390815,4.834648985193492,164
0.0182,0.7767,0.19363333333333332,0.011466666666666667,0.011366666666666667,0.006833333333333334,4.070767926304564,4.864128552176378,165
0.017866666666666666,0.7795666666666666,0.19096666666666667,0.0116,0.0111,0.0067666666666666665,4.095439247070046,4.893608119159267,166
0.0177,0.7825333333333333,0.18823333333333334,0.011533333333333333,0.011,0.0067,4.120110567835528,4.9230876861421535,167
0.0175,0.7856,0.18543333333333334,0.011466666666666667,0.010833333333333334,0.006666666666666667,4.144781888601011,4.952567253125041,168
0.0174,0.7888333333333334,0.1824,0.011366666666666667,0.0108,0.0066,4.169453209366493,4.982046820107928,169
0.0172,0.7913666666666667,0.18013333333333334,0.0113,0.010666666666666666,0.006533333333333334,4.194124530131974,5.011526387090814,170
0.017033333333333334,0.7944666666666667,0.17726666666666666,0.011233333333333333,0.010533333333333334,0.0065,4.218795850897457,5.041005954073702,171
0.016866666666666665,0.7979,0.17403333333333335,0.0112,0.0105,0.006366666666666666,4.243467171662939,5.07048552105659,172
0.0168,0.8010666666666667,0.17106666666666667,0.011066666666666667,0.010566666666666667,0.006233333333333333,4.268138492428421,5.099965088039476,173
0.016633333333333333,0.8035,0.16876666666666668,0.0111,0.0104,0.006233333333333333,4.292809813193903,5.129444655022364,174
0.016533333333333334,0.8063666666666667,0.16616666666666666,0.010933333333333333,0.010366666666666666,0.006166666666666667,4.317481133959386,5.15892422200525,175
0.0164,0.8090333333333334,0.1637,0.010866666666666667,0.010333333333333333,0.006066666666666666,4.342152454724868,5.188403788988138,176
0.016266666666666665,0.8120333333333334,0.16103333333333333,0.010666666666666666,0.0103,0.005966666666666667,4.36682377549035,5.217883355971025,177
0.0161,0.8153333333333334,0.15793333333333334,0.010633333333333333,0.010166666666666666,0.005933333333333333,4.391495096255832,5.247362922953911,178
0.0159,0.8176666666666667,0.15596666666666667,0.010466666666666668,0.010033333333333333,0.005866666666666667,4.416166417021315,5.2768424899368,179
0.015733333333333332,0.8204333333333333,0.1535,0.010333333333333333,0.009933333333333334,0.0058,4.440837737786797,5.306322056919686,180
0.015466666666666667,0.8226333333333333,0.15163333333333334,0.010266666666666667,0.0097,0.0057666666666666665,4.465509058552279,5.335801623902572,181
0.015233333333333333,0.8251333333333334,0.1493,0.010333333333333333,0.009566666666666666,0.005666666666666667,4.490180379317761,5.365281190885461,182
0.0151,0.8276333333333333,0.14706666666666668,0.0102,0.0094333333333333335,0.005666666666666667,4.514851700083243,5.394760757868347,183
0.015066666666666667,0.8299333333333333,0.14503333333333332,0.009966666666666667,0.009466666666666667,0.0056,4.539523020848726,5.424240324851235,184
0.014866666666666667,0.8323333333333334,0.1429,0.0099,0.0093,0.005566666666666667,4.564194341614208,5.4537198918341225,185
0.014833333333333334,0.8345333333333333,0.14093333333333333,0.0097,0.0093,0.005533333333333334,4.58886566237969,5.483199458817008,186
0.014733333333333333,0.8371,0.1387,0.009466666666666667,0.009266666666666666,0.0054666666666666665,4.613536983145172,5.512679025799897,187
0.0145,0.8395666666666667,0.13636666666666666,0.009566666666666666,0.009133333333333334,0.005366666666666666,4.638208303910654,5.5421585927827834,188
0.014233333333333334,0.8420666666666666,0.13416666666666666,0.009533333333333333,0.0089,0.005333333333333333,4.662879624676137,5.57163815976567,189
0.013966666666666667,0.8442666666666667,0.13223333333333334,0.009533333333333333,0.0087,0.005266666666666667,4.687550945441619,5.601117726748558,190
0.0139,0.8466333333333333,0.13003333333333333,0.0094333333333333335,0.0087,0.0052,4.7122222662071005,5.630597293731445,191
0.0137,0.8490666666666666,0.12786666666666666,0.009366666666666667,0.0086,0.0051,4.736893586972583,5.660076860714331,192
0.013566666666666666,0.8505666666666667,0.12653333333333333,0.009333333333333334,0.008466666666666667,0.0051,4.761564907738066,5.6895564276972195,193
0.0134,0.8525,0.12486666666666667,0.009233333333333333,0.008366666666666666,0.005033333333333333,4.786236228503548,5.719035994680106,194
0.013333333333333334,0.8547666666666667,0.12283333333333334,0.009066666666666667,0.008366666666666666,0.004966666666666667,4.81090754926903,5.748515561662994,195
0.013233333333333333,0.857,0.12083333333333333,0.008933333333333333,0.0084,0.004833333333333334,4.835578870034512,5.77799512864588,196
0.013133333333333334,0.8592,0.1188,0.008866666666666667,0.008366666666666666,0.0047666666666666664,4.860250190799995,5.807474695628768,197
0.012933333333333333,0.8613666666666666,0.11706666666666667,0.008633333333333333,0.0082,0.004733333333333333,4.8849215115654765,5.8369542626116555,198
0.0129,0.8631666666666666,0.11556666666666666,0.008366666666666666,0.008233333333333334,0.004666666666666667,4.909592832330959,5.866433829594542,199
0.012766666666666667,0.8647666666666667,0.11413333333333334,0.008333333333333333,0.008166666666666666,0.0046,4.934264153096441,5.89591339657743,200
0.0126,0.8668333333333333,0.1124,0.008166666666666666,0.008033333333333333,0.004566666666666667,4.9589354738619225,5.925392963560316,201
0.012533333333333334,0.8683333333333333,0.11113333333333333,0.008,0.0081,0.004433333333333333,4.983606794627406,5.954872530543203,202
0.0124,0.87,0.10963333333333333,0.007966666666666667,0.007966666666666667,0.004433333333333333,5.008278115392888,5.984352097526091,203
0.0122,0.8718,0.10793333333333334,0.008066666666666666,0.0078,0.0044,5.032949436158369,6.013831664508978,204
0.012066666666666667,0.8735333333333334,0.10653333333333333,0.007866666666666666,0.007733333333333333,0.004333333333333333,5.057620756923852,6.043311231491865,205
0.012,0.8748,0.1054,0.0078,0.0077666666666666665,0.004233333333333334,5.082292077689335,6.0727907984747524,206
0.0119,0.8766333333333334,0.10373333333333333,0.007733333333333333,0.0077666666666666665,0.0041333333333333335,5.106963398454816,6.102270365457639,207
0.011766666666666667,0.8780666666666667,0.1025,0.007666666666666666,0.007666666666666666,0.0041,5.1316347192202985,6.131749932440526,208
0.0117,0.8798333333333334,0.1009,0.007566666666666667,0.007633333333333333,0.004066666666666666,5.156306039985781,6.161229499423413,209
0.011666666666666667,0.8815,0.09946666666666666,0.007366666666666666,0.0076,0.004066666666666666,5.180977360751262,6.190709066406301,210
0.0114,0.8832,0.09796666666666666,0.0074333333333333335,0.0074333333333333335,0.003966666666666667,5.205648681516745,6.220188633389188,211
0.011266666666666666,0.8845666666666666,0.0969,0.007266666666666667,0.007333333333333333,0.003933333333333333,5.230320002282228,6.249668200372075,212
0.011066666666666667,0.8859,0.09566666666666666,0.007366666666666666,0.007166666666666667,0.0039,5.25499132304771,6.279147767354962,213
0.010933333333333333,0.8875,0.0942,0.007366666666666666,0.007033333333333333,0.0039,5.279662643813191,6.308627334337849,214
0.010866666666666667,0.8891666666666667,0.09266666666666666,0.0073,0.007,0.0038666666666666667,5.3043339645786745,6.338106901320738,215
0.0108,0.8904333333333333,0.09166666666666666,0.0071,0.006966666666666667,0.003833333333333333,5.329005285344157,6.367586468303624,216
0.010633333333333333,0.8916,0.09076666666666666,0.007,0.006866666666666667,0.003766666666666667,5.353676606109638,6.397066035286511,217
0.0106,0.893,0.0896,0.0068,0.006833333333333334,0.003766666666666667,5.37834792687512,6.426545602269398,218
0.0104,0.8943333333333333,0.08843333333333334,0.006833333333333334,0.0067,0.0037,5.403019247640604,6.456025169252285,219
0.0103,0.8957,0.08716666666666667,0.006833333333333334,0.0066,0.0037,5.427690568406085,6.485504736235172,220
0.010266666666666667,0.8970333333333333,0.08593333333333333,0.0067666666666666665,0.0066,0.0036666666666666666,5.452361889171567,6.51498430321806,221
0.010166666666666666,0.8987333333333334,0.08433333333333333,0.0067666666666666665,0.006533333333333334,0.0036333333333333335,5.47703320993705,6.544463870200946,222
0.010066666666666666,0.9001666666666667,0.0831,0.006666666666666667,0.0065,0.0035666666666666668,5.501704530702531,6.573943437183834,223
0.010033333333333333,0.9011666666666667,0.08226666666666667,0.006533333333333334,0.0065,0.003533333333333333,5.526375851468014,6.603423004166721,224
0.0099,0.9028,0.08083333333333333,0.006466666666666667,0.006366666666666666,0.003533333333333333,5.551047172233496,6.632902571149608,225
0.009733333333333333,0.9039333333333334,0.0799,0.0064333333333333334,0.0062,0.003533333333333333,5.575718492998979,6.662382138132495,226
0.009666666666666667,0.9053,0.07873333333333334,0.0063,0.0062,0.0034666666666666665,5.60038981376446,6.691861705115382,227
0.009633333333333334,0.9064333333333333,0.0778,0.0061333333333333335,0.006333333333333333,0.0033,5.625061134529943,6.72134127209827,228
0.009566666666666666,0.9075333333333333,0.07676666666666666,0.0061333333333333335,0.0063,0.003266666666666667,5.649732455295426,6.750820839081157,229
0.009533333333333333,0.9083333333333333,0.07603333333333333,0.0061,0.006333333333333333,0.0032,5.674403776060907,6.780300406064043,230
0.009533333333333333,0.9093666666666667,0.07516666666666667,0.005933333333333333,0.006333333333333333,0.0032,5.699075096826389,6.809779973046931,231
0.009466666666666667,0.9107,0.074,0.005833333333333334,0.006266666666666667,0.0032,5.723746417591872,6.8392595400298175,232
0.009333333333333334,0.9116666666666666,0.07323333333333333,0.0057666666666666665,0.0061333333333333335,0.0032,5.748417738357354,6.868739107012706,233
0.009233333333333333,0.9125,0.07246666666666667,0.0058,0.006066666666666666,0.0031666666666666666,5.773089059122836,6.8982186739955935,234
0.009133333333333334,0.9137666666666666,0.07143333333333333,0.005666666666666667,0.006066666666666666,0.0030666666666666668,5.797760379888318,6.927698240978479,235
0.009066666666666667,0.9151,0.07013333333333334,0.0057,0.006,0.0030666666666666668,5.8224317006538,6.957177807961367,236
0.008966666666666666,0.9158333333333334,0.06953333333333334,0.005666666666666667,0.006,0.0029666666666666665,5.847103021419283,6.9866573749442535,237
0.008933333333333333,0.9168666666666667,0.06866666666666667,0.005533333333333334,0.005966666666666667,0.0029666666666666665,5.871774342184765,7.016136941927141,238
0.008933333333333333,0.9177,0.06803333333333333,0.005333333333333333,0.006,0.0029333333333333334,5.896445662950247,7.045616508910029,239
0.008866666666666667,0.9190333333333334,0.06683333333333333,0.005266666666666667,0.006033333333333333,0.0028333333333333335,5.921116983715729,7.075096075892916,240
0.0088,0.9199333333333334,0.06613333333333334,0.0051333333333333335,0.006066666666666666,0.0027333333333333333,5.945788304481212,7.104575642875802,241
0.008766666666666667,0.9207333333333333,0.06546666666666667,0.005033333333333333,0.0061,0.0026666666666666666,5.970459625246694,7.1340552098586905,242
0.008733333333333333,0.9216333333333333,0.0646,0.005033333333333333,0.0061,0.0026333333333333334,5.995130946012176,7.163534776841576,243
0.008566666666666667,0.9226666666666666,0.0637,0.005066666666666666,0.005933333333333333,0.0026333333333333334,6.019802266777658,7.193014343824464,244
0.0085,0.9235666666666666,0.06303333333333333,0.0049,0.0059,0.0026,6.04447358754314,7.222493910807351,245
0.008366666666666666,0.9246,0.0621,0.004933333333333333,0.0058,0.0025666666666666667,6.069144908308623,7.251973477790239,246
0.008333333333333333,0.9253,0.06146666666666667,0.0049,0.005833333333333334,0.0025,6.093816229074105,7.281453044773125,247
0.008266666666666667,0.9262,0.0607,0.004833333333333334,0.0057666666666666665,0.0025,6.118487549839587,7.310932611756012,248
0.008166666666666666,0.9271,0.0599,0.004833333333333334,0.0057,0.0024666666666666665,6.143158870605069,7.340412178738899,249
0.008066666666666666,0.928,0.0592,0.004733333333333333,0.005666666666666667,0.0024,6.167830191370552,7.3698917457217865,250
0.008033333333333333,0.9286,0.05876666666666667,0.0046,0.005666666666666667,0.0023666666666666667,6.192501512136034,7.399371312704673,251
0.008,0.9293333333333333,0.0581,0.004566666666666667,0.005633333333333333,0.0023666666666666667,6.2171728329015155,7.428850879687562,252
0.007966666666666667,0.9300333333333334,0.0575,0.0045,0.0056,0.0023666666666666667,6.241844153666998,7.458330446670449,253
0.007933333333333334,0.9313666666666667,0.056266666666666666,0.004433333333333333,0.0056,0.0023333333333333335,6.266515474432481,7.487810013653335,254
0.007933333333333334,0.9321,0.0557,0.004266666666666667,0.0056,0.0023333333333333335,6.291186795197963,7.517289580636223,255
0.0078,0.9325333333333333,0.05533333333333333,0.004333333333333333,0.0055,0.0023,6.315858115963445,7.546769147619109,256
0.0077,0.9332666666666667,0.054766666666666665,0.004266666666666667,0.005433333333333333,0.002266666666666667,6.340529436728927,7.576248714601997,257
0.007633333333333333,0.9339,0.05433333333333333,0.0041333333333333335,0.005366666666666666,0.002266666666666667,6.365200757494409,7.605728281584884,258
0.007566666666666667,0.9346333333333333,0.05363333333333333,0.004166666666666667,0.005366666666666666,0.0022,6.3898720782598915,7.635207848567771,259
0.0075,0.9352,0.053233333333333334,0.004066666666666666,0.005333333333333333,0.0021666666666666666,6.414543399025374,7.664687415550658,260
0.007333333333333333,0.9357666666666666,0.05273333333333333,0.004166666666666667,0.0052,0.0021333333333333334,6.439214719790856,7.694166982533546,261
0.007233333333333333,0.9364666666666667,0.0522,0.0041,0.005166666666666667,0.0020666666666666667,6.463886040556337,7.723646549516432,262
0.0071,0.9374666666666667,0.051366666666666665,0.004066666666666666,0.005066666666666666,0.002033333333333333,6.488557361321821,7.7531261164993195,263
0.007066666666666666,0.9384,0.05056666666666667,0.003966666666666667,0.0051333333333333335,0.0019333333333333333,6.513228682087303,7.782605683482207,264
0.006966666666666667,0.9392,0.049833333333333334,0.004,0.005066666666666666,0.0019,6.537900002852784,7.812085250465095,265
0.006866666666666667,0.9397666666666666,0.04933333333333333,0.004033333333333333,0.005033333333333333,0.0018333333333333333,6.562571323618267,7.841564817447981,266
0.006833333333333334,0.9403333333333334,0.04886666666666667,0.003966666666666667,0.005033333333333333,0.0018,6.58724264438375,7.871044384430869,267
0.0068,0.9409666666666666,0.0484,0.003833333333333333,0.005066666666666666,0.0017333333333333333,6.611913965149231,7.900523951413755,268
0.006666666666666667,0.9415333333333333,0.0479,0.0039,0.004966666666666667,0.0017,6.636585285914713,7.930003518396642,269
0.006633333333333333,0.9422,0.04733333333333333,0.003833333333333333,0.005,0.0016333333333333334,6.661256606680196,7.959483085379531,270
0.006533333333333334,0.9427333333333333,0.0468,0.003933333333333333,0.004933333333333333,0.0016,6.685927927445677,7.988962652362417,271
0.0064,0.9432,0.04643333333333333,0.003966666666666667,0.004866666666666667,0.0015333333333333334,6.71059924821116,8.018442219345305,272
0.006333333333333333,0.9437,0.046033333333333336,0.003933333333333333,0.0048,0.0015333333333333334,6.735270568976643,8.047921786328192,273
0.0063,0.9441333333333334,0.045733333333333334,0.003833333333333333,0.0047666666666666664,0.0015333333333333334,6.759941889742125,8.077401353311078,274
0.006166666666666667,0.9448,0.04516666666666667,0.0038666666666666667,0.004666666666666667,0.0015,6.784613210507606,8.106880920293966,275
0.006033333333333333,0.9454,0.04463333333333333,0.003933333333333333,0.004533333333333334,0.0015,6.8092845312730885,8.136360487276853,276
0.006,0.9459333333333333,0.04416666666666667,0.0039,0.0045,0.0015,6.833955852038572,8.165840054259741,277
0.005866666666666667,0.9465333333333333,0.0437,0.0039,0.004366666666666666,0.0015,6.858627172804053,8.195319621242627,278
0.005833333333333334,0.9473333333333334,0.043,0.003833333333333333,0.004333333333333333,0.0015,6.883298493569535,8.224799188225514,279
0.0058,0.9478,0.042633333333333336,0.003766666666666667,0.0043,0.0015,6.907969814335018,8.254278755208402,280
0.0058,0.9481,0.042366666666666664,0.0037333333333333333,0.004366666666666666,0.0014333333333333333,6.9326411351005,8.283758322191288,281
0.005733333333333333,0.9485666666666667,0.042,0.0037,0.0043,0.0014333333333333333,6.957312455865982,8.313237889174175,282
0.005733333333333333,0.9491,0.04153333333333333,0.0036333333333333335,0.004333333333333333,0.0014,6.9819837766314645,8.342717456157065,283
0.005666666666666667,0.9497333333333333,0.040933333333333335,0.0036666666666666666,0.0043,0.0013666666666666666,7.006655097396946,8.372197023139949,284
0.005633333333333333,0.9501666666666667,0.0406,0.0036,0.0043,0.0013333333333333333,7.031326418162429,8.401676590122838,285
0.0054666666666666665,0.9507666666666666,0.04006666666666667,0.0037,0.004166666666666667,0.0013,7.055997738927911,8.431156157105725,286
0.005366666666666666,0.9513666666666667,0.0395,0.003766666666666667,0.0041333333333333335,0.0012333333333333332,7.080669059693394,8.460635724088611,287
0.005333333333333333,0.9519,0.039066666666666666,0.0037,0.0041,0.0012333333333333332,7.105340380458875,8.490115291071499,288
0.0053,0.9523,0.038766666666666665,0.0036333333333333335,0.004066666666666666,0.0012333333333333332,7.130011701224357,8.519594858054386,289
0.0052,0.9526666666666667,0.0384,0.0037333333333333333,0.004,0.0012,7.1546830219898405,8.549074425037274,290
0.0052,0.9532333333333334,0.03793333333333333,0.0036333333333333335,0.004033333333333333,0.0011666666666666668,7.179354342755322,8.57855399202016,291
0.0051333333333333335,0.9537333333333333,0.03746666666666667,0.0036666666666666666,0.004,0.0011333333333333334,7.204025663520804,8.608033559003047,292
0.005066666666666666,0.9541666666666667,0.03713333333333333,0.0036333333333333335,0.003966666666666667,0.0011,7.2286969842862865,8.637513125985935,293
0.005033333333333333,0.9543666666666667,0.037,0.0036,0.003933333333333333,0.0011,7.253368305051769,8.666992692968822,294
0.005033333333333333,0.9548333333333333,0.03663333333333333,0.0035,0.003966666666666667,0.0010666666666666667,7.278039625817251,8.696472259951708,295
0.005,0.9553333333333334,0.03613333333333334,0.003533333333333333,0.003966666666666667,0.0010333333333333334,7.302710946582733,8.725951826934596,296
0.004966666666666667,0.9558,0.03576666666666667,0.0034666666666666665,0.003966666666666667,0.001,7.327382267348215,8.755431393917483,297
0.0049,0.9562,0.035366666666666664,0.003533333333333333,0.0039,0.001,7.352053588113697,8.78491096090037,298
0.0049,0.9567,0.0349,0.0035,0.003933333333333333,9.666666666666667e-4,7.37672490887918,8.814390527883257,299
0.0047666666666666664,0.9570333333333333,0.034633333333333335,0.0035666666666666668,0.0038,9.666666666666667e-4,7.4013962296446625,8.843870094866144,300
0.0047666666666666664,0.9573666666666667,0.03443333333333334,0.0034333333333333334,0.0038,9.666666666666667e-4,7.426067550410144,8.873349661849032,301
0.004633333333333333,0.9578666666666666,0.033966666666666666,0.003533333333333333,0.0037,9.333333333333333e-4,7.450738871175626,8.90282922883192,302
0.004633333333333333,0.9582,0.0337,0.0034666666666666665,0.0037333333333333333,9e-4,7.475410191941109,8.932308795814807,303
0.004566666666666667,0.9586666666666667,0.03333333333333333,0.0034333333333333334,0.0037,8.666666666666666e-4,7.500081512706591,8.961788362797693,304
0.0045,0.9589666666666666,0.033133333333333334,0.0034,0.0036333333333333335,8.666666666666666e-4,7.524752833472073,8.99126792978058,305
0.004433333333333333,0.9594333333333334,0.0327,0.0034333333333333334,0.0035666666666666668,8.666666666666666e-4,7.549424154237555,9.020747496763468,306
0.004333333333333333,0.9597666666666667,0.0324,0.0035,0.0035,8.333333333333334e-4,7.574095475003038,9.050227063746355,307
0.0043,0.9602666666666667,0.03203333333333333,0.0034,0.0035,8e-4,7.59876679576852,9.079706630729241,308
0.004166666666666667,0.9604666666666667,0.031933333333333334,0.0034333333333333334,0.0033666666666666667,8e-4,7.623438116534002,9.109186197712129,309
0.004166666666666667,0.9606666666666667,0.0318,0.0033666666666666667,0.0033666666666666667,8e-4,7.648109437299484,9.138665764695016,310
0.004166666666666667,0.9608666666666666,0.03163333333333333,0.0033333333333333335,0.0033666666666666667,8e-4,7.672780758064967,9.168145331677904,311
0.0041333333333333335,0.9611666666666666,0.03136666666666667,0.0033333333333333335,0.0033666666666666667,7.666666666666667e-4,7.697452078830449,9.19762489866079,312
0.004066666666666666,0.9617333333333333,0.031,0.0032,0.0033333333333333335,7.333333333333333e-4,7.72212339959593,9.227104465643677,313
0.004033333333333333,0.9622,0.030666666666666665,0.0031,0.0033,7.333333333333333e-4,7.746794720361413,9.256584032626565,314
0.003933333333333333,0.9626333333333333,0.030333333333333334,0.0031,0.0032,7.333333333333333e-4,7.771466041126895,9.286063599609452,315
0.003933333333333333,0.963,0.030066666666666665,0.003,0.0032,7.333333333333333e-4,7.796137361892378,9.315543166592338,316
0.0039,0.9634,0.0298,0.0029,0.0031666666666666666,7.333333333333333e-4,7.8208086826578596,9.345022733575226,317
0.0038666666666666667,0.9636333333333333,0.0296,0.0029,0.0031666666666666666,7e-4,7.845480003423342,9.374502300558113,318
0.0038,0.9641,0.029266666666666667,0.0028333333333333335,0.0031666666666666666,6.333333333333333e-4,7.870151324188824,9.403981867541,319
0.0038,0.9644333333333334,0.02896666666666667,0.0028,0.0031666666666666666,6.333333333333333e-4,7.894822644954306,9.43346143452389,320
0.003766666666666667,0.9646,0.028933333333333332,0.0027,0.0031666666666666666,6e-4,7.919493965719789,9.462941001506774,321
0.0037333333333333333,0.9650666666666666,0.028666666666666667,0.002533333333333333,0.0031333333333333335,6e-4,7.944165286485271,9.492420568489662,322
0.0037,0.9653666666666667,0.028433333333333335,0.0025,0.0031333333333333335,5.666666666666667e-4,7.968836607250752,9.52190013547255,323
0.0036666666666666666,0.9658,0.028033333333333334,0.0025,0.0031,5.666666666666667e-4,7.993507928016235,9.551379702455437,324
0.0035666666666666668,0.9662666666666667,0.027633333333333333,0.002533333333333333,0.003,5.666666666666667e-4,8.018179248781717,9.580859269438323,325
0.0035666666666666668,0.9665,0.027433333333333334,0.0025,0.003,5.666666666666667e-4,8.0428505695472,9.610338836421212,326
0.0035666666666666668,0.9669,0.027133333333333332,0.0024,0.003,5.666666666666667e-4,8.067521890312682,9.639818403404098,327
0.0034666666666666665,0.9672333333333333,0.0269,0.0024,0.0029,5.666666666666667e-4,8.092193211078163,9.669297970386985,328
0.0034333333333333334,0.9675333333333334,0.0267,0.0023333333333333335,0.0028666666666666667,5.666666666666667e-4,8.116864531843646,9.698777537369871,329
0.0034,0.9677666666666667,0.026466666666666666,0.0023666666666666667,0.0028333333333333335,5.666666666666667e-4,8.14153585260913,9.728257104352759,330
0.0033666666666666667,0.9681666666666666,0.026133333333333335,0.0023333333333333335,0.0028,5.666666666666667e-4,8.16620717337461,9.757736671335648,331
0.0033,0.9684,0.0259,0.0024,0.0027333333333333333,5.666666666666667e-4,8.190878494140092,9.787216238318535,332
0.003266666666666667,0.9687666666666667,0.0256,0.0023666666666666667,0.0027333333333333333,5.333333333333334e-4,8.215549814905575,9.81669580530142,333
0.0032333333333333333,0.9689666666666666,0.025466666666666665,0.0023333333333333335,0.0027,5.333333333333334e-4,8.240221135671057,9.846175372284307,334
0.0032,0.9693666666666667,0.025133333333333334,0.0023,0.0026666666666666666,5.333333333333334e-4,8.264852714812818,9.87562108222544,335
0.0031666666666666666,0.9694333333333334,0.025133333333333334,0.002266666666666667,0.0026333333333333334,5.333333333333334e-4,8.28952279569836,9.905099592918651,336
0.0030666666666666668,0.9696333333333333,0.024966666666666668,0.0023333333333333335,0.002533333333333333,5.333333333333334e-4,8.314192876583904,9.93457810361186,337
0.0029666666666666665,0.9700333333333333,0.024566666666666667,0.0024333333333333334,0.0024333333333333334,5.333333333333334e-4,8.338862957469447,9.964056614305072,338
0.0029666666666666665,0.9702666666666667,0.024333333333333332,0.0024333333333333334,0.0024333333333333334,5.333333333333334e-4,8.363533038354989,9.99353512499828,339
0.0028333333333333335,0.9704666666666667,0.024166666666666666,0.002533333333333333,0.0023,5.333333333333334e-4,8.388203119240533,10.02301363569149,340
0.0028,0.9706333333333333,0.024033333333333334,0.002533333333333333,0.002266666666666667,5.333333333333334e-4,8.412873200126075,10.0524921463847,341
0.0028,0.9712666666666666,0.023466666666666667,0.0024666666666666665,0.0023333333333333335,4.6666666666666666e-4,8.437543281011617,10.08197065707791,342
0.002766666666666667,0.9717,0.023133333333333332,0.0024,0.0023,4.6666666666666666e-4,8.462213361897161,10.111449167771122,343
0.0027,0.9719666666666666,0.022966666666666666,0.0023666666666666667,0.002266666666666667,4.333333333333333e-4,8.486883442782704,10.140927678464331,344
0.0027,0.9722,0.022766666666666668,0.0023333333333333335,0.002266666666666667,4.333333333333333e-4,8.511553523668246,10.170406189157543,345
0.0026666666666666666,0.9725,0.022533333333333332,0.0023,0.0022333333333333333,4.333333333333333e-4,8.53622360455379,10.199884699850752,346
0.0026666666666666666,0.9728333333333333,0.0222,0.0023,0.002266666666666667,4e-4,8.560893685439332,10.229363210543964,347
0.0026666666666666666,0.9730666666666666,0.022,0.002266666666666667,0.002266666666666667,4e-4,8.585563766324876,10.258841721237173,348
0.0026333333333333334,0.9733,0.0218,0.002266666666666667,0.002266666666666667,3.6666666666666667e-4,8.610233847210418,10.288320231930381,349
0.0026,0.9735666666666667,0.0216,0.0022333333333333333,0.0022333333333333333,3.6666666666666667e-4,8.63490392809596,10.317798742623594,350
0.0026,0.9738,0.0214,0.0022,0.0022333333333333333,3.6666666666666667e-4,8.659574008981503,10.347277253316804,351
0.002533333333333333,0.9740333333333333,0.0212,0.0022333333333333333,0.0021666666666666666,3.6666666666666667e-4,8.684244089867047,10.376755764010015,352
0.002533333333333333,0.9742,0.021033333333333334,0.0022333333333333333,0.0021666666666666666,3.6666666666666667e-4,8.708914170752589,10.406234274703225,353
0.0025,0.9746,0.0207,0.0022,0.0021333333333333334,3.6666666666666667e-4,8.733549283928976,10.43567885885082,354
0.0025,0.9747333333333333,0.0206,0.0021666666666666666,0.0021333333333333334,3.6666666666666667e-4,8.758218276108625,10.46515631325435,355
0.0024333333333333334,0.9749,0.020533333333333334,0.0021333333333333334,0.0020666666666666667,3.6666666666666667e-4,8.782887268288272,10.494633767657886,356
0.0023333333333333335,0.9752333333333333,0.020266666666666665,0.0021666666666666666,0.0019666666666666665,3.6666666666666667e-4,8.807556260467921,10.52411122206142,357
0.0023333333333333335,0.9756333333333334,0.019933333333333334,0.0021,0.0019666666666666665,3.6666666666666667e-4,8.832225252647568,10.553588676464953,358
0.002266666666666667,0.976,0.019633333333333332,0.0021,0.0019,3.6666666666666667e-4,8.856894244827215,10.583066130868486,359
0.002266666666666667,0.9761333333333333,0.019533333333333333,0.0020666666666666667,0.0019333333333333333,3.333333333333333e-4,8.881563237006864,10.612543585272016,360
0.002266666666666667,0.9763666666666667,0.0193,0.0020666666666666667,0.0019333333333333333,3.333333333333333e-4,8.90623222918651,10.642021039675553,361
0.0022,0.9765,0.019233333333333335,0.0020666666666666667,0.0019,3e-4,8.93090122136616,10.671498494079087,362
0.0022,0.9768,0.019,0.002,0.0019,3e-4,8.955570213545807,10.700975948482622,363
0.0022,0.9770666666666666,0.018733333333333334,0.002,0.0019,3e-4,8.980239205725455,10.730453402886154,364
0.0022,0.9772666666666666,0.01863333333333333,0.0019,0.0019333333333333333,2.666666666666667e-4,9.004908197905104,10.759930857289685,365
0.0021666666666666666,0.9774333333333334,0.018533333333333332,0.0018666666666666666,0.0019333333333333333,2.3333333333333333e-4,9.029577190084751,10.789408311693217,366
0.002033333333333333,0.9775333333333334,0.0185,0.0019333333333333333,0.0018,2.3333333333333333e-4,9.0542079884007,10.818851441118671,367
0.002033333333333333,0.9778,0.0183,0.0018666666666666666,0.0018,2.3333333333333333e-4,9.07887580523265,10.84832783923253,368
0.002,0.978,0.018166666666666668,0.0018333333333333333,0.0017666666666666666,2.3333333333333333e-4,9.1035436220646,10.877804237346385,369
0.0019333333333333333,0.9782,0.01806666666666667,0.0018,0.0017,2.3333333333333333e-4,9.128128168610242,10.907212314432682,370
0.0018666666666666666,0.9782666666666666,0.018033333333333332,0.0018333333333333333,0.0016333333333333334,2.3333333333333333e-4,9.15279341061137,10.936686599967185,371
0.0018666666666666666,0.9784666666666667,0.017866666666666666,0.0018,0.0016333333333333334,2.3333333333333333e-4,9.177458652612497,10.966160885501687,372
0.0018666666666666666,0.9789333333333333,0.0174,0.0018,0.0016333333333333334,2.3333333333333333e-4,9.202123894613626,10.99563517103619,373
0.0018666666666666666,0.9791666666666666,0.017233333333333333,0.0017333333333333333,0.0016333333333333334,2.3333333333333333e-4,9.226789136614753,11.025109456570695,374
0.0018666666666666666,0.9793333333333333,0.0171,0.0017,0.0016333333333333334,2.3333333333333333e-4,9.25145437861588,11.054583742105198,375
0.0018333333333333333,0.9794,0.017066666666666667,0.0017,0.0016666666666666668,1.6666666666666666e-4,9.276119620617008,11.084058027639697,376
0.0018,0.9795,0.016966666666666668,0.0017333333333333333,0.0016333333333333334,1.6666666666666666e-4,9.300784862618135,11.113532313174199,377
0.0017666666666666666,0.9798333333333333,0.016666666666666666,0.0017333333333333333,0.0016,1.6666666666666666e-4,9.325450104619263,11.143006598708704,378
0.0017333333333333333,0.9800666666666666,0.016566666666666667,0.0016333333333333334,0.0015666666666666667,1.6666666666666666e-4,9.35000972944352,11.172379882880593,379
0.0016666666666666668,0.9803333333333333,0.0163,0.0017,0.0015,1.6666666666666666e-4,9.374671657756673,11.201850999546066,380
0.0016333333333333334,0.9804333333333334,0.016233333333333332,0.0017,0.0014666666666666667,1.6666666666666666e-4,9.399333586069822,11.231322116211539,381
0.0016,0.9806666666666667,0.016,0.0017333333333333333,0.0014666666666666667,1.3333333333333334e-4,9.423920616676742,11.260726227563872,382
0.0015666666666666667,0.9809,0.0158,0.0017333333333333333,0.0014333333333333333,1.3333333333333334e-4,9.448580183574947,11.29019523164999,383
0.0015666666666666667,0.9811666666666666,0.015566666666666666,0.0017,0.0014333333333333333,1.3333333333333334e-4,9.473239750473153,11.31966423573611,384
0.0015333333333333334,0.9814333333333334,0.0154,0.0016333333333333334,0.0014,1.3333333333333334e-4,9.49782859855802,11.349066563437695,385
0.0015333333333333334,0.9815333333333334,0.015366666666666667,0.0015666666666666667,0.0014666666666666667,6.666666666666667e-5,9.522485924796268,11.378533454944462,386
0.0015,0.9817666666666667,0.015133333333333334,0.0016,0.0014333333333333333,6.666666666666667e-5,9.547143251034514,11.408000346451226,387
0.0014666666666666667,0.982,0.015033333333333333,0.0015,0.0014,6.666666666666667e-5,9.571800577272764,11.43746723795799,388
0.0014666666666666667,0.9821,0.014966666666666666,0.0014666666666666667,0.0014,6.666666666666667e-5,9.596428172636829,11.466899899447114,389
0.0014666666666666667,0.9822666666666666,0.014833333333333334,0.0014333333333333333,0.0014,6.666666666666667e-5,9.62108458142257,11.4963657346642,390
0.0014333333333333333,0.9824333333333334,0.014733333333333333,0.0014,0.0013666666666666666,6.666666666666667e-5,9.645740990208312,11.525831569881289,391
0.0013333333333333333,0.9826333333333334,0.014533333333333334,0.0015,0.0012666666666666666,6.666666666666667e-5,9.670361043945158,11.555263339545041,392
0.0012666666666666666,0.9828,0.014366666666666666,0.0015666666666666667,0.0012,6.666666666666667e-5,9.695016325449552,11.584728118472452,393
0.0012666666666666666,0.9830666666666666,0.0141,0.0015666666666666667,0.0012,6.666666666666667e-5,9.719671606953947,11.614192897399862,394
0.0012,0.9831666666666666,0.014066666666666667,0.0015666666666666667,0.0011333333333333334,6.666666666666667e-5,9.744288521449473,11.64362377523824,395
0.0012,0.9832666666666666,0.014,0.0015333333333333334,0.0011333333333333334,6.666666666666667e-5,9.768942607515122,11.673087497875972,396
0.0012,0.9833666666666666,0.0139,0.0015333333333333334,0.0011333333333333334,6.666666666666667e-5,9.793559962315914,11.702516873511982,397
0.0011666666666666668,0.9834333333333334,0.013833333333333333,0.0015666666666666667,0.0011,6.666666666666667e-5,9.818107507896148,11.731878329985843,398
0.0011333333333333334,0.9835,0.0138,0.0015666666666666667,0.0010666666666666667,6.666666666666667e-5,9.842757163945992,11.761337827464871,399
0.0011,0.9836333333333334,0.0137,0.0015666666666666667,0.0010333333333333334,6.666666666666667e-5,9.867369496662603,11.790763142406478,400
0.0010666666666666667,0.9837,0.0137,0.0015333333333333334,0.001,6.666666666666667e-5,9.891875343327506,11.820087294954112,401
0.0010333333333333334,0.9838,0.0136,0.0015666666666666667,9.666666666666667e-4,6.666666666666667e-5,9.916519357608198,11.849541510984754,402
0.0010333333333333334,0.9839333333333333,0.0135,0.0015333333333333334,9.666666666666667e-4,6.666666666666667e-5,9.941163371888894,11.878995727015393,403
9.666666666666667e-4,0.9840666666666666,0.0134,0.0015666666666666667,9e-4,6.666666666666667e-5,9.965702452171437,11.908349719957656,404
9.666666666666667e-4,0.9842,0.0133,0.0015333333333333334,9e-4,6.666666666666667e-5,9.990343148632828,11.937800767119269,405
9.666666666666667e-4,0.9843666666666666,0.0132,0.0014666666666666667,9e-4,6.666666666666667e-5,10.014983845094223,11.967251814280882,406
9.666666666666667e-4,0.9844666666666667,0.0131,0.0014666666666666667,9e-4,6.666666666666667e-5,10.039624541555614,11.996702861442493,407
9.333333333333333e-4,0.9845,0.013133333333333334,0.0014333333333333333,8.666666666666666e-4,6.666666666666667e-5,10.064075742987264,12.0259824109966,408
9.333333333333333e-4,0.9847,0.012933333333333333,0.0014333333333333333,8.666666666666666e-4,6.666666666666667e-5,10.088710603750812,12.055428176709823,409
9e-4,0.9848,0.012833333333333334,0.0014666666666666667,8.333333333333334e-4,6.666666666666667e-5,10.11331005965184,12.084840008951213,410
9e-4,0.9849,0.0128,0.0014,8.333333333333334e-4,6.666666666666667e-5,10.1376894805546,12.114045918044205,411
9e-4,0.9850333333333333,0.0127,0.0013666666666666666,8.333333333333334e-4,6.666666666666667e-5,10.162279214627592,12.143449853829637,412
9e-4,0.9851,0.012633333333333333,0.0013666666666666666,8.333333333333334e-4,6.666666666666667e-5,10.186904105876797,12.172886258005597,413
9e-4,0.9852333333333333,0.012566666666666667,0.0013,8.333333333333334e-4,6.666666666666667e-5,10.21089857506152,12.20171119150944,414
9e-4,0.9853,0.0125,0.0013,8.333333333333334e-4,6.666666666666667e-5,10.2354675901357,12.231095222255313,415
9e-4,0.9855,0.0123,0.0013,8.333333333333334e-4,6.666666666666667e-5,10.260071730352434,12.260511556927414,416
8.666666666666666e-4,0.9856666666666667,0.0122,0.0012666666666666666,8e-4,6.666666666666667e-5,10.28439719259251,12.289657442570777,417
8.333333333333334e-4,0.9859666666666667,0.0119,0.0013,8e-4,3.3333333333333335e-5,10.308992625374165,12.319065326925463,418
8e-4,0.9861333333333333,0.011766666666666667,0.0013,7.666666666666667e-4,3.3333333333333335e-5,10.333551804322903,12.348438959238868,419
8e-4,0.9862666666666666,0.0117,0.0012333333333333332,7.666666666666667e-4,3.3333333333333335e-5,10.357733739955032,12.377442087332396,420
8e-4,0.9864,0.011566666666666666,0.0012333333333333332,7.666666666666667e-4,3.3333333333333335e-5,10.38231510672779,12.40683623992128,421
8e-4,0.9866,0.0114,0.0012,7.666666666666667e-4,3.3333333333333335e-5,10.406896473500547,12.436230392510168,422
8e-4,0.9867,0.0113,0.0012,7.666666666666667e-4,3.3333333333333335e-5,10.431096988385962,12.465256295899197,423
7.666666666666667e-4,0.9868,0.0112,0.0012333333333333332,7.333333333333333e-4,3.3333333333333335e-5,10.455666338325857,12.494638829301639,424
7.666666666666667e-4,0.9869,0.011133333333333334,0.0012,7.333333333333333e-4,3.3333333333333335e-5,10.480200711736675,12.523987427601156,425
7.333333333333333e-4,0.9870333333333333,0.011033333333333332,0.0012,7e-4,3.3333333333333335e-5,10.504769122492512,12.553369049783743,426
7e-4,0.9870333333333333,0.011066666666666667,0.0012,6.666666666666666e-4,3.3333333333333335e-5,10.52891956233792,12.582338243661997,427
7e-4,0.9871,0.011066666666666667,0.0011333333333333334,6.666666666666666e-4,3.3333333333333335e-5,10.553475127272462,12.611707190368467,428
6.666666666666666e-4,0.9873333333333333,0.010866666666666667,0.0011333333333333334,6.333333333333333e-4,3.3333333333333335e-5,10.578030692207005,12.641076137074936,429
6.333333333333333e-4,0.9874666666666667,0.010766666666666667,0.0011333333333333334,6e-4,3.3333333333333335e-5,10.601854990013935,12.669726787999169,430
6.333333333333333e-4,0.9876,0.010666666666666666,0.0011,6e-4,3.3333333333333335e-5,10.626387972290082,12.699073552622423,431
6.333333333333333e-4,0.9877,0.010566666666666667,0.0011,6e-4,3.3333333333333335e-5,10.650881883966676,12.72838667027047,432
6.333333333333333e-4,0.9877666666666667,0.010533333333333334,0.0010666666666666667,6e-4,3.3333333333333335e-5,10.674712940699479,12.757051721738753,433
6.333333333333333e-4,0.9881,0.0102,0.0010666666666666667,6e-4,3.3333333333333335e-5,10.699179947890073,12.786343019628852,434
6.333333333333333e-4,0.9882333333333333,0.010133333333333333,0.001,6e-4,3.3333333333333335e-5,10.723688759613324,12.815666690949042,435
6.333333333333333e-4,0.9883,0.0101,9.666666666666667e-4,6e-4,3.3333333333333335e-5,10.747643410620295,12.844448269261157,436
6.333333333333333e-4,0.9884,0.01,9.666666666666667e-4,6e-4,3.3333333333333335e-5,10.77213510074021,12.873755185016343,437
6.333333333333333e-4,0.9884333333333334,0.010066666666666666,8.666666666666666e-4,6e-4,3.3333333333333335e-5,10.796590010787831,12.903027779226388,438
6.333333333333333e-4,0.9885,0.01,8.666666666666666e-4,6.333333333333333e-4,0,10.820329933121213,12.931592697633905,439
6.333333333333333e-4,0.9886,0.01,7.666666666666667e-4,6.333333333333333e-4,0,10.844797289253851,12.960875608866175,440
6.333333333333333e-4,0.9886666666666667,0.009966666666666667,7.333333333333333e-4,6.333333333333333e-4,0,10.869227349848863,12.99012436301761,441
6e-4,0.9889333333333333,0.009733333333333333,7.333333333333333e-4,6e-4,0,10.8927055065336,13.01843336354861,442
6e-4,0.9889333333333333,0.009733333333333333,7.333333333333333e-4,6e-4,0,10.917061784488707,13.047617245303465,443
6e-4,0.9890333333333333,0.009633333333333334,7.333333333333333e-4,6e-4,0,10.941494743592054,13.076866645405731,444
5.666666666666667e-4,0.9891,0.009566666666666666,7.666666666666667e-4,5.666666666666667e-4,0,10.965391023179821,13.10558192967527,445
5e-4,0.9893,0.009466666666666667,7.333333333333333e-4,5e-4,0,10.9898070005276,13.134814429142702,446
4.6666666666666666e-4,0.9893333333333333,0.009466666666666667,7.333333333333333e-4,4.6666666666666666e-4,0,11.014150676212363,13.163979118518283,447
4.333333333333333e-4,0.9894333333333334,0.009366666666666667,7.666666666666667e-4,4.333333333333333e-4,0,11.03856455753844,13.193209650476192,448
4.333333333333333e-4,0.9895333333333334,0.009266666666666666,7.666666666666667e-4,4.333333333333333e-4,0,11.062024391738944,13.221480508616354,449
4.333333333333333e-4,0.9897333333333334,0.009066666666666667,7.666666666666667e-4,4.333333333333333e-4,0,11.086376129826862,13.25064780077538,450
4.333333333333333e-4,0.9898333333333333,0.008966666666666666,7.666666666666667e-4,4.333333333333333e-4,0,11.110759581127294,13.279847700332656,451
4.333333333333333e-4,0.9898333333333333,0.009033333333333334,7e-4,4.333333333333333e-4,0,11.133790575932942,13.307683215865259,452
4.333333333333333e-4,0.9899,0.008966666666666666,7e-4,4.333333333333333e-4,0,11.15803530202145,13.33674036616458,453
4e-4,0.9900333333333333,0.008833333333333334,7.333333333333333e-4,4e-4,0,11.182340787559589,13.36586115145385,454
4e-4,0.9900666666666667,0.008833333333333334,7e-4,4e-4,0,11.205148864066272,13.393452909731387,455
4e-4,0.9901666666666666,0.008733333333333333,7e-4,4e-4,0,11.229403472207421,13.42252455352825,456
4e-4,0.9902333333333333,0.008733333333333333,6.333333333333333e-4,4e-4,0,11.253692386299942,13.451628475794758,457
4e-4,0.9902333333333333,0.008766666666666667,6e-4,4e-4,0,11.276508944165341,13.479245374434875,458
4e-4,0.9902666666666666,0.008733333333333333,6e-4,4e-4,0,11.300752329070567,13.508303255165083,459
4e-4,0.9903333333333333,0.0087,5.666666666666667e-4,4e-4,0,11.324872509353282,13.53722429501019,460
3.6666666666666667e-4,0.9904,0.008633333333333333,6e-4,3.6666666666666667e-4,0,11.347333690330549,13.564429169131426,461
3.6666666666666667e-4,0.9904333333333334,0.008633333333333333,5.666666666666667e-4,3.6666666666666667e-4,0,11.371518015084762,13.593425309050003,462
3.6666666666666667e-4,0.9905,0.0086,5.333333333333334e-4,3.6666666666666667e-4,0,11.395702339838971,13.62242144896858,463
3.333333333333333e-4,0.9905333333333334,0.008566666666666667,5.666666666666667e-4,3.333333333333333e-4,0,11.418508477320055,13.650012282330765,464
3.333333333333333e-4,0.9906333333333334,0.008466666666666667,5.666666666666667e-4,3.333333333333333e-4,0,11.442545265163671,13.67886290639215,465
3e-4,0.9907,0.0084,6e-4,3e-4,0,11.466613509572325,13.707744153172566,466
2.666666666666667e-4,0.9908,0.0083,6.333333333333333e-4,2.666666666666667e-4,0,11.49074934041688,13.73669108268581,467
2.666666666666667e-4,0.9908333333333333,0.008266666666666667,6.333333333333333e-4,2.666666666666667e-4,0,11.51312704212875,13.763817803053701,468
2.666666666666667e-4,0.9909666666666667,0.008133333333333333,6.333333333333333e-4,2.666666666666667e-4,0,11.536825454690113,13.79233591059718,469
2.666666666666667e-4,0.9910333333333333,0.0081,6e-4,2.666666666666667e-4,0,11.560862734442738,13.821182651841932,470
2.666666666666667e-4,0.9911,0.008033333333333333,6e-4,2.666666666666667e-4,0,11.58347560525713,13.848557912348127,471
2.3333333333333333e-4,0.9911666666666666,0.007966666666666667,6.333333333333333e-4,2.3333333333333333e-4,0,11.607335204266706,13.877223012318014,472
2.3333333333333333e-4,0.9912,0.007933333333333334,6.333333333333333e-4,2.3333333333333333e-4,0,11.631354985765983,13.906050685366711,473
2.3333333333333333e-4,0.9912666666666666,0.007866666666666666,6.333333333333333e-4,2.3333333333333333e-4,0,11.65344025764886,13.932871494645086,474
2.3333333333333333e-4,0.9913666666666666,0.0078,6e-4,2.3333333333333333e-4,0,11.677177185461533,13.961403016760547,475
2.3333333333333333e-4,0.9915,0.007666666666666666,6e-4,2.3333333333333333e-4,0,11.700886538458443,13.989924790150328,476
2.3333333333333333e-4,0.9916333333333334,0.007566666666666667,5.666666666666667e-4,2.3333333333333333e-4,0,11.722681590669765,14.0164419246005,477
2.3333333333333333e-4,0.9917666666666667,0.007466666666666667,5.333333333333334e-4,2.3333333333333333e-4,0,11.746525490178755,14.045089892451259,478
2.3333333333333333e-4,0.9918,0.0074333333333333335,5.333333333333334e-4,2.3333333333333333e-4,0,11.770202907389807,14.07356506897245,479
2.3333333333333333e-4,0.9918333333333333,0.0074,5.333333333333334e-4,2.3333333333333333e-4,0,11.79144715349356,14.099475656672487,480
2.3333333333333333e-4,0.9919,0.007366666666666666,5e-4,2.3333333333333333e-4,0,11.815237255601424,14.128064236512776,481
2.3333333333333333e-4,0.992,0.0073,4.6666666666666666e-4,2.3333333333333333e-4,0,11.838861169066526,14.156482158231782,482
2e-4,0.9921666666666666,0.0071333333333333335,5e-4,2e-4,0,11.860068334209304,14.182350510500584,483
2e-4,0.9922666666666666,0.007066666666666666,4.6666666666666666e-4,2e-4,0,11.88377264348762,14.210848829707968,484
2e-4,0.9923333333333333,0.007,4.6666666666666666e-4,2e-4,0,11.907318350587472,14.239177313115583,485
1.6666666666666666e-4,0.9924333333333333,0.0069,5e-4,1.6666666666666666e-4,0,11.92861634610694,14.265134902035976,486
1.6666666666666666e-4,0.9925,0.006833333333333334,5e-4,1.6666666666666666e-4,0,11.952170507951097,14.293480133645621,487
1.6666666666666666e-4,0.9925666666666667,0.0067666666666666665,5e-4,1.6666666666666666e-4,0,11.975503301039762,14.32158684668862,488
1.6666666666666666e-4,0.9926333333333334,0.0067,5e-4,1.6666666666666666e-4,0,11.999044234407895,14.349920437705403,489
1.6666666666666666e-4,0.9926333333333334,0.0067,5e-4,1.6666666666666666e-4,0,12.019814462472258,14.375341167918867,490
1.3333333333333334e-4,0.9927,0.006666666666666667,5e-4,1.3333333333333334e-4,0,12.04298237054468,14.403277691354013,491
1e-4,0.9927666666666667,0.006633333333333333,5e-4,1e-4,0,12.066494772462187,14.431574363502053,492
1e-4,0.9929666666666667,0.0064333333333333334,5e-4,1e-4,0,12.0870687552872,14.456701210254778,493
1e-4,0.9930333333333333,0.006366666666666666,5e-4,1e-4,0,12.109919743389446,14.484330569528952,494
1e-4,0.9931333333333333,0.006266666666666667,5e-4,1e-4,0,12.13332476332336,14.512512645580628,495
1e-4,0.9932333333333333,0.0062,4.6666666666666666e-4,1e-4,0,12.15365771685283,14.537403179364874,496
1e-4,0.9933,0.006166666666666667,4.333333333333333e-4,1e-4,0,12.176967109336935,14.565482795317896,497
1e-4,0.9934,0.006066666666666666,4.333333333333333e-4,1e-4,0,12.199785601196405,14.593051552241525,498
1e-4,0.9935333333333334,0.005933333333333333,4.333333333333333e-4,1e-4,0,12.219743934330284,14.617538431572399,499
1e-4,0.9936,0.005866666666666667,4.333333333333333e-4,1e-4,0,12.242934830489492,14.64549139703313,500
0.1242,0.012266666666666667,0.7302333333333333,0.1333,0.0874,0.0368,NA,NA,-1
0.12586666666666665,0.011566666666666666,0.7269666666666666,0.1356,0.08863333333333333,0.037233333333333334,NA,NA,-2
0.1278,0.011066666666666667,0.7226333333333333,0.1385,0.08993333333333334,0.037866666666666667,NA,NA,-3
0.12936666666666666,0.0103,0.7185666666666667,0.14176666666666668,0.09093333333333334,0.03843333333333333,NA,NA,-4
0.131,0.0097,0.7140333333333333,0.14526666666666666,0.09236666666666667,0.03863333333333333,NA,NA,-5
0.1338,0.008966666666666666,0.7105,0.14673333333333333,0.09463333333333333,0.03916666666666667,NA,NA,-6
0.13593333333333332,0.008433333333333333,0.7065,0.14913333333333334,0.09626666666666667,0.03966666666666667,NA,NA,-7
0.13773333333333335,0.008,0.7027,0.15156666666666666,0.09776666666666667,0.039966666666666664,NA,NA,-8
0.1406,0.0074333333333333335,0.6977666666666666,0.1542,0.1,0.0406,NA,NA,-9
0.14256666666666667,0.006966666666666667,0.6926666666666667,0.1578,0.1015,0.04106666666666667,NA,NA,-10
0.14426666666666665,0.0063,0.6893333333333334,0.1601,0.10266666666666667,0.0416,NA,NA,-11
0.14636666666666667,0.006,0.6840666666666667,0.16356666666666667,0.10406666666666667,0.0423,NA,NA,-12
0.14863333333333334,0.005666666666666667,0.6799,0.1658,0.10576666666666666,0.042866666666666664,NA,NA,-13
0.15123333333333333,0.0053,0.6749333333333334,0.16853333333333334,0.10786666666666667,0.043366666666666664,NA,NA,-14
0.15363333333333334,0.004933333333333333,0.6704666666666667,0.17096666666666666,0.10986666666666667,0.04376666666666667,NA,NA,-15
0.1566,0.004733333333333333,0.6657333333333333,0.17293333333333333,0.11233333333333333,0.04426666666666667,NA,NA,-16
0.15863333333333332,0.004366666666666666,0.6607,0.1763,0.11373333333333334,0.0449,NA,NA,-17
0.16106666666666666,0.003966666666666667,0.6559333333333334,0.17903333333333332,0.1156,0.04546666666666667,NA,NA,-18
0.1634,0.003766666666666667,0.6505,0.18233333333333332,0.1174,0.046,NA,NA,-19
0.16593333333333332,0.0035,0.6453666666666666,0.1852,0.11943333333333334,0.0465,NA,NA,-20
0.16916666666666666,0.0031666666666666666,0.6399,0.18776666666666667,0.12213333333333333,0.04703333333333334,NA,NA,-21
0.17183333333333334,0.003033333333333333,0.6338333333333334,0.1913,0.1243,0.04753333333333333,NA,NA,-22
0.17476666666666665,0.0026666666666666666,0.6278666666666667,0.1947,0.12666666666666668,0.0481,NA,NA,-23
0.17753333333333332,0.0024,0.6223,0.19776666666666667,0.1289,0.048633333333333334,NA,NA,-24
0.18053333333333332,0.0022333333333333333,0.6166333333333334,0.2006,0.1314,0.049133333333333334,NA,NA,-25
0.18446666666666667,0.0022333333333333333,0.6107333333333334,0.20256666666666667,0.13476666666666667,0.0497,NA,NA,-26
0.1877,0.0020666666666666667,0.6046333333333334,0.2056,0.1373,0.0504,NA,NA,-27
0.1909,0.0019333333333333333,0.5992,0.20796666666666666,0.13986666666666667,0.05103333333333333,NA,NA,-28
0.19456666666666667,0.0018666666666666666,0.5931666666666666,0.2104,0.14283333333333334,0.05173333333333333,NA,NA,-29
0.19813333333333333,0.0018333333333333333,0.5859666666666666,0.21406666666666666,0.14586666666666667,0.05226666666666667,NA,NA,-30
0.2016,0.0016666666666666668,0.5800333333333333,0.2167,0.14866666666666667,0.05293333333333333,NA,NA,-31
0.20533333333333334,0.0015666666666666667,0.5730333333333333,0.22006666666666666,0.15183333333333332,0.0535,NA,NA,-32
0.209,0.0015333333333333334,0.5666333333333333,0.22283333333333333,0.15493333333333334,0.054066666666666666,NA,NA,-33
0.21346666666666667,0.0015333333333333334,0.5599666666666666,0.22503333333333334,0.15866666666666668,0.0548,NA,NA,-34
0.21676666666666666,0.0014666666666666667,0.5534333333333333,0.22833333333333333,0.16133333333333333,0.055433333333333334,NA,NA,-35
0.22066666666666668,0.0014333333333333333,0.5477,0.2302,0.1646,0.05606666666666667,NA,NA,-36
0.2252,0.0014333333333333333,0.5414,0.23196666666666665,0.16826666666666668,0.056933333333333336,NA,NA,-37
0.22946666666666668,0.0013333333333333333,0.5344333333333333,0.23476666666666668,0.17183333333333334,0.057633333333333335,NA,NA,-38
0.2326,0.0012666666666666666,0.5288,0.23733333333333334,0.1744,0.0582,NA,NA,-39
0.23606666666666667,0.0011666666666666668,0.5220333333333333,0.24073333333333333,0.1773,0.05876666666666667,NA,NA,-40
0.24076666666666666,0.0011,0.5166333333333334,0.2415,0.18123333333333333,0.059533333333333334,NA,NA,-41
0.2451,0.0010666666666666667,0.5092333333333333,0.2446,0.1846,0.0605,NA,NA,-42
0.2493,0.001,0.502,0.2477,0.18776666666666667,0.061533333333333336,NA,NA,-43
0.2534,9e-4,0.4955333333333333,0.25016666666666665,0.19133333333333333,0.062066666666666666,NA,NA,-44
0.25793333333333335,8.666666666666666e-4,0.4883,0.2529,0.19493333333333332,0.063,NA,NA,-45
0.26253333333333334,8.333333333333334e-4,0.48236666666666667,0.25426666666666664,0.19893333333333332,0.0636,NA,NA,-46
0.26686666666666664,8e-4,0.47586666666666666,0.2564666666666667,0.20246666666666666,0.0644,NA,NA,-47
0.27163333333333334,7e-4,0.46963333333333335,0.25803333333333334,0.20653333333333335,0.0651,NA,NA,-48
0.2758333333333333,6e-4,0.4633333333333333,0.2602333333333333,0.21,0.06583333333333333,NA,NA,-49
0.28103333333333336,5.666666666666667e-4,0.4562333333333333,0.26216666666666666,0.2145,0.06653333333333333,NA,NA,-50
0.2855666666666667,4e-4,0.45013333333333333,0.2639,0.21813333333333335,0.06743333333333333,NA,NA,-51
0.29056666666666664,3.333333333333333e-4,0.44356666666666666,0.26553333333333334,0.22203333333333333,0.068533333333333335,NA,NA,-52
0.2954,3e-4,0.4364,0.2679,0.2257,0.0697,NA,NA,-53
0.3002,3e-4,0.4299,0.2696,0.2298,0.0704,NA,NA,-54
0.30496666666666666,3e-4,0.42296666666666666,0.27176666666666666,0.23346666666666666,0.0715,NA,NA,-55
0.31006666666666666,2.3333333333333333e-4,0.4151666666666667,0.27453333333333335,0.2379,0.07216666666666667,NA,NA,-56
0.3156,2.3333333333333333e-4,0.4091,0.2750666666666667,0.2421,0.0735,NA,NA,-57
0.3206333333333333,2e-4,0.40203333333333335,0.27713333333333334,0.2458,0.07483333333333334,NA,NA,-58
0.326,2e-4,0.3952,0.2786,0.25,0.076,NA,NA,-59
0.33143333333333336,2e-4,0.3879666666666667,0.2804,0.2541,0.07733333333333334,NA,NA,-60
0.3364,2e-4,0.3806333333333333,0.28276666666666667,0.2579666666666667,0.07843333333333333,NA,NA,-61
0.3419,2e-4,0.3738666666666667,0.28403333333333336,0.2622333333333333,0.07966666666666666,NA,NA,-62
0.34786666666666666,2e-4,0.3673666666666667,0.2845666666666667,0.26693333333333336,0.08093333333333333,NA,NA,-63
0.35406666666666664,2e-4,0.36083333333333334,0.2849,0.2724,0.08166666666666667,NA,NA,-64
0.35946666666666666,1.6666666666666666e-4,0.35396666666666665,0.2864,0.2768333333333333,0.08263333333333334,NA,NA,-65
0.36483333333333334,1.6666666666666666e-4,0.3465666666666667,0.2884333333333333,0.2812,0.08363333333333334,NA,NA,-66
0.37023333333333336,1.6666666666666666e-4,0.3391,0.2905,0.28536666666666666,0.08486666666666667,NA,NA,-67
0.3766,1.3333333333333334e-4,0.3335,0.2897666666666667,0.29056666666666664,0.08603333333333334,NA,NA,-68
0.383,1.3333333333333334e-4,0.32676666666666665,0.2901,0.2958,0.0872,NA,NA,-69
0.3887,1.3333333333333334e-4,0.31943333333333335,0.29173333333333334,0.3003,0.0884,NA,NA,-70
0.39516666666666667,1.3333333333333334e-4,0.3132,0.2915,0.3054,0.08976666666666666,NA,NA,-71
0.4011,1e-4,0.3064,0.2924,0.31016666666666665,0.09093333333333334,NA,NA,-72
0.4073333333333333,1e-4,0.29956666666666665,0.293,0.3151,0.09223333333333333,NA,NA,-73
0.4125666666666667,1e-4,0.29246666666666665,0.29486666666666667,0.319,0.09356666666666667,NA,NA,-74
0.4195333333333333,1e-4,0.2859,0.29446666666666665,0.3247,0.09483333333333334,NA,NA,-75
0.4264,1e-4,0.2790666666666667,0.2944333333333333,0.33036666666666664,0.09603333333333333,NA,NA,-76
0.4325333333333333,1e-4,0.2725,0.29486666666666667,0.33516666666666667,0.09736666666666667,NA,NA,-77
0.43883333333333335,1e-4,0.26566666666666666,0.2954,0.34013333333333334,0.0987,NA,NA,-78
0.4448666666666667,1e-4,0.2592333333333333,0.2958,0.3446666666666667,0.1002,NA,NA,-79
0.45176666666666665,1e-4,0.2527333333333333,0.2954,0.3501666666666667,0.1016,NA,NA,-80
0.4586,1e-4,0.24596666666666667,0.29533333333333334,0.3554333333333333,0.10316666666666667,NA,NA,-81
0.4653,6.666666666666667e-5,0.24003333333333332,0.2946,0.3603,0.105,NA,NA,-82
0.47226666666666667,6.666666666666667e-5,0.23426666666666668,0.2934,0.36543333333333333,0.10683333333333334,NA,NA,-83
0.47846666666666665,3.3333333333333335e-5,0.228,0.2935,0.37016666666666664,0.1083,NA,NA,-84
0.4842666666666667,3.3333333333333335e-5,0.22186666666666666,0.29383333333333334,0.3742,0.11006666666666666,NA,NA,-85
0.4911,3.3333333333333335e-5,0.2157,0.2931666666666667,0.3788,0.1123,NA,NA,-86
0.4976,0,0.21123333333333333,0.2911666666666667,0.3833666666666667,0.11423333333333334,NA,NA,-87
0.5044,0,0.2058,0.2898,0.3883,0.1161,NA,NA,-88
0.5112666666666666,0,0.20026666666666668,0.28846666666666665,0.39336666666666664,0.1179,NA,NA,-89
0.5178,0,0.19533333333333333,0.28686666666666666,0.3975,0.1203,NA,NA,-90
0.5247333333333334,0,0.1899,0.28536666666666666,0.40176666666666666,0.12296666666666667,NA,NA,-91
0.5314333333333333,0,0.18473333333333333,0.2838333333333333,0.4064333333333333,0.125,NA,NA,-92
0.5387333333333333,0,0.17923333333333333,0.28203333333333336,0.41146666666666665,0.12726666666666667,NA,NA,-93
0.5449666666666667,0,0.17426666666666665,0.28076666666666666,0.4155,0.12946666666666667,NA,NA,-94
0.5520333333333334,0,0.16973333333333335,0.27823333333333333,0.4206666666666667,0.13136666666666666,NA,NA,-95
0.5590333333333334,0,0.16553333333333334,0.2754333333333333,0.4253,0.13373333333333334,NA,NA,-96
0.5657,0,0.16,0.2743,0.42983333333333335,0.13586666666666666,NA,NA,-97
0.5736666666666667,0,0.15473333333333333,0.2716,0.4357333333333333,0.13793333333333332,NA,NA,-98
0.5802,0,0.14986666666666668,0.26993333333333336,0.4396333333333333,0.14056666666666667,NA,NA,-99
0.5869333333333333,0,0.14516666666666667,0.2679,0.4442,0.14273333333333332,NA,NA,-100
0.5937666666666667,0,0.14106666666666667,0.26516666666666666,0.4489,0.14486666666666667,NA,NA,-101
0.6004333333333334,0,0.13626666666666667,0.2633,0.4533,0.14713333333333334,NA,NA,-102
0.6067666666666667,0,0.13173333333333334,0.2615,0.4573333333333333,0.14943333333333333,NA,NA,-103
0.6135,0,0.1271,0.2594,0.4616,0.1519,NA,NA,-104
0.6202,0,0.12243333333333334,0.2573666666666667,0.4661,0.1541,NA,NA,-105
0.6263333333333333,0,0.11943333333333334,0.2542333333333333,0.4695,0.15683333333333332,NA,NA,-106
0.6329333333333333,0,0.1154,0.25166666666666665,0.47333333333333333,0.1596,NA,NA,-107
0.6406666666666667,0,0.1116,0.24773333333333333,0.4785333333333333,0.16213333333333332,NA,NA,-108
0.6481333333333333,0,0.10766666666666666,0.2442,0.4824333333333333,0.1657,NA,NA,-109
0.6545666666666666,0,0.1042,0.24123333333333333,0.48586666666666667,0.1687,NA,NA,-110
0.6614666666666666,0,0.10026666666666667,0.23826666666666665,0.4896333333333333,0.17183333333333334,NA,NA,-111
0.6679666666666667,0,0.09646666666666667,0.23556666666666667,0.4937666666666667,0.1742,NA,NA,-112
0.6748,0,0.09336666666666667,0.23183333333333334,0.4973,0.1775,NA,NA,-113
0.6807666666666666,0,0.09033333333333333,0.2289,0.49943333333333334,0.18133333333333335,NA,NA,-114
0.6875333333333333,0,0.08746666666666666,0.225,0.5028666666666667,0.18466666666666667,NA,NA,-115
0.6939333333333333,0,0.08373333333333334,0.22233333333333333,0.5060666666666667,0.18786666666666665,NA,NA,-116
0.7013333333333334,0,0.08123333333333334,0.21743333333333334,0.5102333333333333,0.1911,NA,NA,-117
0.7084,0,0.07806666666666667,0.21353333333333332,0.5138333333333334,0.19456666666666667,NA,NA,-118
0.7152666666666667,0,0.07503333333333333,0.2097,0.5170666666666667,0.1982,NA,NA,-119
0.7219,0,0.0725,0.2056,0.52,0.2019,NA,NA,-120
0.7278333333333333,0,0.06963333333333334,0.20253333333333334,0.5221,0.20573333333333332,NA,NA,-121
0.7349333333333333,0,0.06713333333333334,0.19793333333333332,0.5255666666666666,0.20936666666666667,NA,NA,-122
0.7412,0,0.06413333333333333,0.19466666666666665,0.5282,0.213,NA,NA,-123
0.7457333333333334,0,0.06093333333333333,0.19333333333333333,0.5284666666666666,0.21726666666666666,NA,NA,-124
0.7522666666666666,0,0.058666666666666666,0.18906666666666666,0.5306666666666666,0.2216,NA,NA,-125
0.7584333333333333,0,0.05586666666666667,0.1857,0.5327,0.22573333333333334,NA,NA,-126
0.7639,0,0.053,0.1831,0.5340333333333334,0.22986666666666666,NA,NA,-127
0.7703,0,0.050833333333333335,0.17886666666666667,0.5361666666666667,0.23413333333333333,NA,NA,-128
0.7758666666666667,0,0.048966666666666665,0.17516666666666666,0.5373,0.23856666666666668,NA,NA,-129
0.7814,0,0.0469,0.1717,0.5390666666666667,0.24233333333333335,NA,NA,-130
0.7876333333333333,0,0.045233333333333334,0.16713333333333333,0.5408666666666667,0.24676666666666666,NA,NA,-131
0.7931,0,0.04343333333333333,0.16346666666666668,0.5419,0.2512,NA,NA,-132
0.7982333333333334,0,0.041466666666666666,0.1603,0.5428333333333333,0.2554,NA,NA,-133
0.8036,0,0.039233333333333335,0.15716666666666668,0.5437666666666666,0.25983333333333336,NA,NA,-134
0.8085333333333333,0,0.03716666666666667,0.1543,0.5439666666666667,0.26456666666666667,NA,NA,-135
0.8136333333333333,0,0.03553333333333333,0.15083333333333335,0.5442666666666667,0.26936666666666664,NA,NA,-136
0.8185333333333333,0,0.0339,0.14756666666666668,0.5443333333333333,0.2742,NA,NA,-137
0.8240666666666666,0,0.032633333333333334,0.1433,0.5454666666666667,0.2786,NA,NA,-138
0.8290333333333333,0,0.0306,0.14036666666666667,0.5459666666666667,0.2830666666666667,NA,NA,-139
0.834,0,0.029466666666666665,0.13653333333333334,0.5460333333333334,0.28796666666666665,NA,NA,-140
0.8393,0,0.027966666666666667,0.13273333333333334,0.5463333333333333,0.29296666666666665,NA,NA,-141
0.8435666666666667,0,0.0267,0.12973333333333334,0.5454666666666667,0.2981,NA,NA,-142
0.8487666666666667,0,0.0255,0.12573333333333334,0.5455666666666666,0.3032,NA,NA,-143
0.8532666666666666,0,0.023966666666666667,0.12276666666666666,0.5445666666666666,0.3087,NA,NA,-144
0.8585333333333334,0,0.022966666666666666,0.1185,0.5442333333333333,0.3143,NA,NA,-145
0.8626333333333334,0,0.021633333333333334,0.11573333333333333,0.5436333333333333,0.319,NA,NA,-146
0.8666333333333334,0,0.020433333333333335,0.11293333333333333,0.5424333333333333,0.3242,NA,NA,-147
0.8703666666666666,0,0.018966666666666666,0.11066666666666666,0.5404333333333333,0.32993333333333336,NA,NA,-148
0.8738,0,0.018266666666666667,0.10793333333333334,0.5388666666666667,0.33493333333333336,NA,NA,-149
0.8772333333333333,0,0.0172,0.10556666666666667,0.5367333333333333,0.3405,NA,NA,-150
0.8811333333333333,0,0.016433333333333335,0.10243333333333333,0.5344666666666666,0.3466666666666667,NA,NA,-151
0.8848666666666667,0,0.015633333333333332,0.0995,0.5317,0.3531666666666667,NA,NA,-152
0.8880333333333333,0,0.014933333333333333,0.09703333333333333,0.5296333333333333,0.3584,NA,NA,-153
0.892,0,0.0142,0.0938,0.5280333333333334,0.36396666666666666,NA,NA,-154
0.8962666666666667,0,0.013366666666666667,0.09036666666666666,0.5264333333333333,0.36983333333333335,NA,NA,-155
0.8998333333333334,0,0.012666666666666666,0.0875,0.5243333333333333,0.3755,NA,NA,-156
0.9029333333333334,0,0.011833333333333333,0.08523333333333333,0.5217666666666667,0.38116666666666665,NA,NA,-157
0.9061,0,0.011266666666666666,0.08263333333333334,0.5194666666666666,0.38663333333333333,NA,NA,-158
0.9093666666666667,0,0.010933333333333333,0.0797,0.5178333333333334,0.39153333333333334,NA,NA,-159
0.9127,0,0.010433333333333333,0.07686666666666667,0.5154666666666666,0.3972333333333333,NA,NA,-160
0.9151666666666667,0,0.0099,0.07493333333333334,0.5117333333333334,0.4034333333333333,NA,NA,-161
0.9186333333333333,0,0.009466666666666667,0.0719,0.5102,0.4084333333333333,NA,NA,-162
0.9212333333333333,0,0.008833333333333334,0.06993333333333333,0.5067,0.4145333333333333,NA,NA,-163
0.9242333333333334,0,0.008466666666666667,0.0673,0.5033666666666666,0.42086666666666667,NA,NA,-164
0.9262333333333334,0,0.008033333333333333,0.06573333333333334,0.49843333333333334,0.4278,NA,NA,-165
0.9296666666666666,0,0.0076,0.06273333333333334,0.49573333333333336,0.43393333333333334,NA,NA,-166
0.9325666666666667,0,0.007,0.06043333333333333,0.4922666666666667,0.4403,NA,NA,-167
0.9354333333333333,0,0.0066,0.057966666666666666,0.4892666666666667,0.44616666666666666,NA,NA,-168
0.9381666666666667,0,0.006366666666666666,0.055466666666666664,0.48473333333333335,0.45343333333333335,NA,NA,-169
0.9400666666666667,0,0.0062,0.053733333333333334,0.4811666666666667,0.4589,NA,NA,-170
0.9427,0,0.005833333333333334,0.05146666666666667,0.4776,0.4651,NA,NA,-171
0.9454333333333333,0,0.0054,0.049166666666666664,0.47336666666666666,0.4720666666666667,NA,NA,-172
0.9473,0,0.005166666666666667,0.04753333333333333,0.4688,0.4785,NA,NA,-173
0.9498,0,0.004966666666666667,0.045233333333333334,0.4643,0.4855,NA,NA,-174
0.9523333333333334,0,0.004733333333333333,0.04293333333333333,0.46,0.49233333333333335,NA,NA,-175
0.9543,0,0.004433333333333333,0.04126666666666667,0.4554666666666667,0.49883333333333335,NA,NA,-176
0.9564,0,0.004233333333333334,0.03936666666666667,0.4509666666666667,0.5054333333333333,NA,NA,-177
0.9585666666666667,0,0.003933333333333333,0.0375,0.44683333333333336,0.5117333333333334,NA,NA,-178
0.96,0,0.0037,0.0363,0.44176666666666664,0.5182333333333333,NA,NA,-179
0.9611,0,0.003266666666666667,0.035633333333333336,0.4358,0.5253,NA,NA,-180
0.9629333333333333,0,0.0031333333333333335,0.033933333333333336,0.43146666666666667,0.5314666666666666,NA,NA,-181
0.9652,0,0.0029666666666666665,0.03183333333333333,0.4275333333333333,0.5376666666666666,NA,NA,-182
0.9668333333333333,0,0.0028,0.030366666666666667,0.4217666666666667,0.5450666666666667,NA,NA,-183
0.9685333333333334,0,0.0027333333333333333,0.028733333333333333,0.41706666666666664,0.5514666666666667,NA,NA,-184
0.9701,0,0.0025666666666666667,0.027333333333333334,0.4115333333333333,0.5585666666666667,NA,NA,-185
0.9714666666666667,0,0.0025,0.026033333333333332,0.40663333333333335,0.5648333333333333,NA,NA,-186
0.9726,0,0.0024,0.025,0.40036666666666665,0.5722333333333334,NA,NA,-187
0.9737666666666667,0,0.002266666666666667,0.023966666666666667,0.39463333333333334,0.5791333333333334,NA,NA,-188
0.9747,0,0.0021,0.0232,0.3896,0.5851,NA,NA,-189
0.9757666666666667,0,0.0019666666666666665,0.022266666666666667,0.3842,0.5915666666666667,NA,NA,-190
0.977,0,0.0018666666666666666,0.021133333333333334,0.37843333333333334,0.5985666666666667,NA,NA,-191
0.9783,0,0.0018666666666666666,0.019833333333333335,0.3732666666666667,0.6050333333333333,NA,NA,-192
0.9793333333333333,0,0.0017333333333333333,0.018933333333333333,0.3682666666666667,0.6110666666666666,NA,NA,-193
0.9803,0,0.0017,0.018,0.36296666666666666,0.6173333333333333,NA,NA,-194
0.9813333333333333,0,0.0015666666666666667,0.0171,0.3576666666666667,0.6236666666666667,NA,NA,-195
0.9819333333333333,0,0.0015,0.016566666666666667,0.35146666666666665,0.6304666666666666,NA,NA,-196
0.9826,0,0.0014666666666666667,0.015933333333333334,0.34503333333333336,0.6375666666666666,NA,NA,-197
0.9834,0,0.0014,0.0152,0.3402,0.6432,NA,NA,-198
0.9845666666666667,0,0.0013666666666666666,0.014066666666666667,0.3350666666666667,0.6495,NA,NA,-199
0.9853666666666666,0,0.0013,0.013333333333333334,0.3294,0.6559666666666667,NA,NA,-200
0.9859,0,0.0012,0.0129,0.3223,0.6636,NA,NA,-201
0.9865333333333334,0,0.0011666666666666668,0.0123,0.3163,0.6702333333333333,NA,NA,-202
0.9871666666666666,0,0.0011,0.011733333333333333,0.31056666666666666,0.6766,NA,NA,-203
0.9877666666666667,0,0.0010666666666666667,0.011166666666666667,0.3046333333333333,0.6831333333333334,NA,NA,-204
0.9883,0,0.001,0.0107,0.2995,0.6888,NA,NA,-205
0.9892,0,9.333333333333333e-4,0.009866666666666666,0.2947,0.6945,NA,NA,-206
0.9896,0,9.333333333333333e-4,0.009466666666666667,0.2891666666666667,0.7004333333333334,NA,NA,-207
0.9900333333333333,0,8.666666666666666e-4,0.0091,0.28336666666666666,0.7066666666666667,NA,NA,-208
0.9906333333333334,0,8e-4,0.008566666666666667,0.2777,0.7129333333333333,NA,NA,-209
0.9909666666666667,0,6.666666666666666e-4,0.008366666666666666,0.2714666666666667,0.7195,NA,NA,-210
0.9916666666666667,0,6.666666666666666e-4,0.007666666666666666,0.26666666666666666,0.725,NA,NA,-211
0.9919,0,6.333333333333333e-4,0.007466666666666667,0.26163333333333333,0.7302666666666666,NA,NA,-212
0.9924666666666667,0,6e-4,0.006933333333333333,0.25653333333333334,0.7359333333333333,NA,NA,-213
0.9927333333333334,0,5.333333333333334e-4,0.006733333333333333,0.2512333333333333,0.7415,NA,NA,-214
0.993,0,4.6666666666666666e-4,0.006533333333333334,0.24683333333333332,0.7461666666666666,NA,NA,-215
0.9933333333333333,0,4.6666666666666666e-4,0.0062,0.24066666666666667,0.7526666666666667,NA,NA,-216
0.9936666666666667,0,4.333333333333333e-4,0.0059,0.23483333333333334,0.7588333333333334,NA,NA,-217
0.9939,0,4.333333333333333e-4,0.005666666666666667,0.22993333333333332,0.7639666666666667,NA,NA,-218
0.9940333333333333,0,3.6666666666666667e-4,0.0056,0.224,0.7700333333333333,NA,NA,-219
0.9943333333333333,0,3.6666666666666667e-4,0.0053,0.2193,0.7750333333333334,NA,NA,-220
0.9947,0,3.333333333333333e-4,0.004966666666666667,0.21423333333333333,0.7804666666666666,NA,NA,-221
0.9948666666666667,0,3e-4,0.004833333333333334,0.2088,0.7860666666666667,NA,NA,-222
0.9952666666666666,0,2.666666666666667e-4,0.0044666666666666665,0.20393333333333333,0.7913333333333333,NA,NA,-223
0.9955333333333334,0,2.666666666666667e-4,0.0042,0.19823333333333334,0.7973,NA,NA,-224
0.9958,0,2.666666666666667e-4,0.003933333333333333,0.1937,0.8021,NA,NA,-225
0.9960333333333333,0,2.666666666666667e-4,0.0037,0.18896666666666667,0.8070666666666667,NA,NA,-226
0.9962666666666666,0,2.3333333333333333e-4,0.0035,0.1846,0.8116666666666666,NA,NA,-227
0.9965,0,2.3333333333333333e-4,0.003266666666666667,0.1796,0.8169,NA,NA,-228
0.9966333333333334,0,2.3333333333333333e-4,0.0031333333333333335,0.1755,0.8211333333333334,NA,NA,-229
0.9967666666666667,0,2e-4,0.003033333333333333,0.1713,0.8254666666666667,NA,NA,-230
0.9970333333333333,0,2e-4,0.002766666666666667,0.1669,0.8301333333333333,NA,NA,-231
0.9971,0,1.6666666666666666e-4,0.0027333333333333333,0.16253333333333334,0.8345666666666667,NA,NA,-232
0.9972333333333333,0,1.6666666666666666e-4,0.0026,0.15793333333333334,0.8393,NA,NA,-233
0.9973333333333333,0,1.6666666666666666e-4,0.0025,0.1537,0.8436333333333333,NA,NA,-234
0.9974333333333333,0,1.6666666666666666e-4,0.0024,0.14953333333333332,0.8479,NA,NA,-235
0.9975333333333334,0,1.3333333333333334e-4,0.0023333333333333335,0.14546666666666666,0.8520666666666666,NA,NA,-236
0.9977,0,1.3333333333333334e-4,0.0021666666666666666,0.1421,0.8556,NA,NA,-237
0.9978666666666667,0,1.3333333333333334e-4,0.002,0.13823333333333335,0.8596333333333334,NA,NA,-238
0.9979666666666667,0,1e-4,0.0019333333333333333,0.1344,0.8635666666666667,NA,NA,-239
0.9980333333333333,0,1e-4,0.0018666666666666666,0.13123333333333334,0.8668,NA,NA,-240
0.9982333333333333,0,1e-4,0.0016666666666666668,0.1281,0.8701333333333333,NA,NA,-241
0.9983333333333333,0,1e-4,0.0015666666666666667,0.12496666666666667,0.8733666666666666,NA,NA,-242
0.9984,0,1e-4,0.0015,0.12193333333333334,0.8764666666666666,NA,NA,-243
0.9984333333333333,0,1e-4,0.0014666666666666667,0.11813333333333334,0.8803,NA,NA,-244
0.9984666666666666,0,1e-4,0.0014333333333333333,0.11473333333333334,0.8837333333333334,NA,NA,-245
0.9986333333333334,0,1e-4,0.0012666666666666666,0.1117,0.8869333333333334,NA,NA,-246
0.9986666666666667,0,1e-4,0.0012333333333333332,0.10863333333333333,0.8900333333333333,NA,NA,-247
0.9987,0,1e-4,0.0012,0.1048,0.8939,NA,NA,-248
0.9987666666666667,0,1e-4,0.0011333333333333334,0.1018,0.8969666666666667,NA,NA,-249
0.9988,0,1e-4,0.0011,0.09846666666666666,0.9003333333333333,NA,NA,-250
0.9988333333333334,0,1e-4,0.0010666666666666667,0.0955,0.9033333333333333,NA,NA,-251
0.9988333333333334,0,1e-4,0.0010666666666666667,0.09216666666666666,0.9066666666666666,NA,NA,-252
0.9988333333333334,0,1e-4,0.0010666666666666667,0.0896,0.9092333333333333,NA,NA,-253
0.9989,0,1e-4,0.001,0.08653333333333334,0.9123666666666667,NA,NA,-254
0.9990666666666667,0,1e-4,8.333333333333334e-4,0.08376666666666667,0.9153,NA,NA,-255
0.9990666666666667,0,6.666666666666667e-5,8.666666666666666e-4,0.08086666666666667,0.9182,NA,NA,-256
0.9990666666666667,0,3.3333333333333335e-5,9e-4,0.07826666666666666,0.9208,NA,NA,-257
0.9990666666666667,0,3.3333333333333335e-5,9e-4,0.07576666666666666,0.9233,NA,NA,-258
0.9991333333333333,0,3.3333333333333335e-5,8.333333333333334e-4,0.0728,0.9263333333333333,NA,NA,-259
0.9992333333333333,0,3.3333333333333335e-5,7.333333333333333e-4,0.07026666666666667,0.9289666666666667,NA,NA,-260
0.9993666666666666,0,3.3333333333333335e-5,6e-4,0.06773333333333334,0.9316333333333333,NA,NA,-261
0.9994,0,3.3333333333333335e-5,5.666666666666667e-4,0.06513333333333333,0.9342666666666667,NA,NA,-262
0.9994333333333333,0,3.3333333333333335e-5,5.333333333333334e-4,0.06246666666666666,0.9369666666666666,NA,NA,-263
0.9994333333333333,0,3.3333333333333335e-5,5.333333333333334e-4,0.060333333333333336,0.9391,NA,NA,-264
0.9995333333333334,0,3.3333333333333335e-5,4.333333333333333e-4,0.058166666666666665,0.9413666666666667,NA,NA,-265
0.9995333333333334,0,3.3333333333333335e-5,4.333333333333333e-4,0.056,0.9435333333333333,NA,NA,-266
0.9995333333333334,0,3.3333333333333335e-5,4.333333333333333e-4,0.0538,0.9457333333333333,NA,NA,-267
0.9995666666666667,0,3.3333333333333335e-5,4e-4,0.05106666666666667,0.9485,NA,NA,-268
0.9995666666666667,0,3.3333333333333335e-5,4e-4,0.0491,0.9504666666666667,NA,NA,-269
0.9996,0,3.3333333333333335e-5,3.6666666666666667e-4,0.04733333333333333,0.9522666666666667,NA,NA,-270
0.9996333333333334,0,3.3333333333333335e-5,3.333333333333333e-4,0.046,0.9536333333333333,NA,NA,-271
0.9996333333333334,0,3.3333333333333335e-5,3.333333333333333e-4,0.044366666666666665,0.9552666666666667,NA,NA,-272
0.9996666666666667,0,0,3.333333333333333e-4,0.042366666666666664,0.9573,NA,NA,-273
0.9996666666666667,0,0,3.333333333333333e-4,0.04053333333333333,0.9591333333333333,NA,NA,-274
0.9997,0,0,3e-4,0.0389,0.9608,NA,NA,-275
0.9997333333333334,0,0,2.666666666666667e-4,0.03793333333333333,0.9618,NA,NA,-276
0.9997666666666667,0,0,2.3333333333333333e-4,0.03646666666666667,0.9633,NA,NA,-277
0.9998,0,0,2e-4,0.035366666666666664,0.9644333333333334,NA,NA,-278
0.9998,0,0,2e-4,0.03386666666666667,0.9659333333333333,NA,NA,-279
0.9998,0,0,2e-4,0.03283333333333333,0.9669666666666666,NA,NA,-280
0.9998333333333334,0,0,1.6666666666666666e-4,0.03153333333333333,0.9683,NA,NA,-281
0.9998333333333334,0,0,1.6666666666666666e-4,0.029933333333333333,0.9699,NA,NA,-282
0.9998666666666667,0,0,1.3333333333333334e-4,0.028333333333333332,0.9715333333333334,NA,NA,-283
0.9998666666666667,0,0,1.3333333333333334e-4,0.0274,0.9724666666666667,NA,NA,-284
0.9998666666666667,0,0,1.3333333333333334e-4,0.026433333333333333,0.9734333333333334,NA,NA,-285
0.9998666666666667,0,0,1.3333333333333334e-4,0.025533333333333335,0.9743333333333334,NA,NA,-286
0.9998666666666667,0,0,1.3333333333333334e-4,0.024166666666666666,0.9757,NA,NA,-287
0.9998666666666667,0,0,1.3333333333333334e-4,0.023466666666666667,0.9764,NA,NA,-288
0.9998666666666667,0,0,1.3333333333333334e-4,0.0227,0.9771666666666666,NA,NA,-289
0.9998666666666667,0,0,1.3333333333333334e-4,0.022,0.9778666666666667,NA,NA,-290
0.9998666666666667,0,0,1.3333333333333334e-4,0.021266666666666666,0.9786,NA,NA,-291
0.9998666666666667,0,0,1.3333333333333334e-4,0.02036666666666667,0.9795,NA,NA,-292
0.9998666666666667,0,0,1.3333333333333334e-4,0.019566666666666666,0.9803,NA,NA,-293
0.9999,0,0,1e-4,0.018766666666666668,0.9811333333333333,NA,NA,-294
0.9999,0,0,1e-4,0.0178,0.9821,NA,NA,-295
0.9999,0,0,1e-4,0.016866666666666665,0.9830333333333333,NA,NA,-296
0.9999,0,0,1e-4,0.016266666666666665,0.9836333333333334,NA,NA,-297
0.9999,0,0,1e-4,0.015466666666666667,0.9844333333333334,NA,NA,-298
0.9999,0,0,1e-4,0.014766666666666668,0.9851333333333333,NA,NA,-299
0.9999,0,0,1e-4,0.014133333333333333,0.9857666666666667,NA,NA,-300
0.9999,0,0,1e-4,0.013566666666666666,0.9863333333333333,NA,NA,-301
0.9999,0,0,1e-4,0.013066666666666667,0.9868333333333333,NA,NA,-302
0.9999,0,0,1e-4,0.0124,0.9875,NA,NA,-303
0.9999333333333333,0,0,6.666666666666667e-5,0.0119,0.9880333333333333,NA,NA,-304
0.9999333333333333,0,0,6.666666666666667e-5,0.0112,0.9887333333333334,NA,NA,-305
0.9999333333333333,0,0,6.666666666666667e-5,0.010533333333333334,0.9894,NA,NA,-306
0.9999333333333333,0,0,6.666666666666667e-5,0.010066666666666666,0.9898666666666667,NA,NA,-307
0.9999333333333333,0,0,6.666666666666667e-5,0.0096,0.9903333333333333,NA,NA,-308
0.9999333333333333,0,0,6.666666666666667e-5,0.009266666666666666,0.9906666666666667,NA,NA,-309
0.9999333333333333,0,0,6.666666666666667e-5,0.008966666666666666,0.9909666666666667,NA,NA,-310
0.9999333333333333,0,0,6.666666666666667e-5,0.008666666666666666,0.9912666666666666,NA,NA,-311
0.9999333333333333,0,0,6.666666666666667e-5,0.0084,0.9915333333333334,NA,NA,-312
0.9999333333333333,0,0,6.666666666666667e-5,0.008166666666666666,0.9917666666666667,NA,NA,-313
0.9999333333333333,0,0,6.666666666666667e-5,0.007733333333333333,0.9922,NA,NA,-314
0.9999333333333333,0,0,6.666666666666667e-5,0.007366666666666666,0.9925666666666667,NA,NA,-315
0.9999333333333333,0,0,6.666666666666667e-5,0.0069,0.9930333333333333,NA,NA,-316
0.9999666666666667,0,0,3.3333333333333335e-5,0.006666666666666667,0.9933,NA,NA,-317
0.9999666666666667,0,0,3.3333333333333335e-5,0.0063,0.9936666666666667,NA,NA,-318
0.9999666666666667,0,0,3.3333333333333335e-5,0.006266666666666667,0.9937,NA,NA,-319
0.9999666666666667,0,0,3.3333333333333335e-5,0.005933333333333333,0.9940333333333333,NA,NA,-320
0.9999666666666667,0,0,3.3333333333333335e-5,0.0054666666666666665,0.9945,NA,NA,-321
0.9999666666666667,0,0,3.3333333333333335e-5,0.0053,0.9946666666666667,NA,NA,-322
0.9999666666666667,0,0,3.3333333333333335e-5,0.005233333333333334,0.9947333333333334,NA,NA,-323
0.9999666666666667,0,0,3.3333333333333335e-5,0.005066666666666666,0.9949,NA,NA,-324
0.9999666666666667,0,0,3.3333333333333335e-5,0.0048,0.9951666666666666,NA,NA,-325
0.9999666666666667,0,0,3.3333333333333335e-5,0.0046,0.9953666666666666,NA,NA,-326
0.9999666666666667,0,0,3.3333333333333335e-5,0.004333333333333333,0.9956333333333334,NA,NA,-327
1,0,0,0,0.004233333333333334,0.9957666666666667,NA,NA,-328
1,0,0,0,0.003933333333333333,0.9960666666666667,NA,NA,-329
1,0,0,0,0.003833333333333333,0.9961666666666666,NA,NA,-330
1,0,0,0,0.0036666666666666666,0.9963333333333333,NA,NA,-331
1,0,0,0,0.0035,0.9965,NA,NA,-332
1,0,0,0,0.0034,0.9966,NA,NA,-333
1,0,0,0,0.0033,0.9967,NA,NA,-334
1,0,0,0,0.0031666666666666666,0.9968333333333333,NA,NA,-335
1,0,0,0,0.0031,0.9969,NA,NA,-336
1,0,0,0,0.0028666666666666667,0.9971333333333333,NA,NA,-337
1,0,0,0,0.0027,0.9973,NA,NA,-338
1,0,0,0,0.002533333333333333,0.9974666666666666,NA,NA,-339
1,0,0,0,0.0023666666666666667,0.9976333333333334,NA,NA,-340
1,0,0,0,0.0022333333333333333,0.9977666666666667,NA,NA,-341
1,0,0,0,0.0021666666666666666,0.99783333333333335,NA,NA,-342
1,0,0,0,0.0021,0.9979,NA,NA,-343
1,0,0,0,0.002033333333333333,0.9979666666666667,NA,NA,-344
1,0,0,0,0.002,0.998,NA,NA,-345
1,0,0,0,0.0019666666666666665,0.9980333333333333,NA,NA,-346
1,0,0,0,0.0018666666666666666,0.9981333333333333,NA,NA,-347
1,0,0,0,0.0018,0.9982,NA,NA,-348
1,0,0,0,0.0018,0.9982,NA,NA,-349
1,0,0,0,0.0016666666666666668,0.9983333333333333,NA,NA,-350
1,0,0,0,0.0016333333333333334,0.9983666666666666,NA,NA,-351
1,0,0,0,0.0015,0.9985,NA,NA,-352
1,0,0,0,0.0014666666666666667,0.9985333333333334,NA,NA,-353
1,0,0,0,0.0014,0.9986,NA,NA,-354
1,0,0,0,0.0013333333333333333,0.9986666666666667,NA,NA,-355
1,0,0,0,0.0013,0.9987,NA,NA,-356
1,0,0,0,0.0012,0.9988,NA,NA,-357
1,0,0,0,0.0011,0.9989,NA,NA,-358
1,0,0,0,0.0011,0.9989,NA,NA,-359
1,0,0,0,0.0010666666666666667,0.9989333333333333,NA,NA,-360
1,0,0,0,0.001,0.999,NA,NA,-361
1,0,0,0,0.001,0.999,NA,NA,-362
1,0,0,0,9.666666666666667e-4,0.9990333333333333,NA,NA,-363
1,0,0,0,9.333333333333333e-4,0.9990666666666667,NA,NA,-364
1,0,0,0,8.333333333333334e-4,0.9991666666666666,NA,NA,-365
1,0,0,0,8.333333333333334e-4,0.9991666666666666,NA,NA,-366
1,0,0,0,7.666666666666667e-4,0.9992333333333333,NA,NA,-367
1,0,0,0,7.333333333333333e-4,0.9992666666666666,NA,NA,-368
1,0,0,0,7e-4,0.9993,NA,NA,-369
1,0,0,0,7e-4,0.9993,NA,NA,-370
1,0,0,0,5.333333333333334e-4,0.9994666666666666,NA,NA,-371
1,0,0,0,4.6666666666666666e-4,0.9995333333333334,NA,NA,-372
1,0,0,0,4.333333333333333e-4,0.9995666666666667,NA,NA,-373
1,0,0,0,4.333333333333333e-4,0.9995666666666667,NA,NA,-374
1,0,0,0,4.333333333333333e-4,0.9995666666666667,NA,NA,-375
1,0,0,0,4e-4,0.9996,NA,NA,-376
1,0,0,0,3.333333333333333e-4,0.9996666666666667,NA,NA,-377
1,0,0,0,2.666666666666667e-4,0.9997333333333334,NA,NA,-378
1,0,0,0,2.666666666666667e-4,0.9997333333333334,NA,NA,-379
1,0,0,0,2.3333333333333333e-4,0.9997666666666667,NA,NA,-380
1,0,0,0,2.3333333333333333e-4,0.9997666666666667,NA,NA,-381
1,0,0,0,2.3333333333333333e-4,0.9997666666666667,NA,NA,-382
1,0,0,0,2.3333333333333333e-4,0.9997666666666667,NA,NA,-383
1,0,0,0,2.3333333333333333e-4,0.9997666666666667,NA,NA,-384
1,0,0,0,2.3333333333333333e-4,0.9997666666666667,NA,NA,-385
1,0,0,0,2.3333333333333333e-4,0.9997666666666667,NA,NA,-386
1,0,0,0,2.3333333333333333e-4,0.9997666666666667,NA,NA,-387
1,0,0,0,2.3333333333333333e-4,0.9997666666666667,NA,NA,-388
1,0,0,0,2.3333333333333333e-4,0.9997666666666667,NA,NA,-389
1,0,0,0,2e-4,0.9998,NA,NA,-390
1,0,0,0,2e-4,0.9998,NA,NA,-391
1,0,0,0,2e-4,0.9998,NA,NA,-392
1,0,0,0,2e-4,0.9998,NA,NA,-393
1,0,0,0,2e-4,0.9998,NA,NA,-394
1,0,0,0,2e-4,0.9998,NA,NA,-395
1,0,0,0,1.6666666666666666e-4,0.9998333333333334,NA,NA,-396
1,0,0,0,1.6666666666666666e-4,0.9998333333333334,NA,NA,-397
1,0,0,0,1.6666666666666666e-4,0.9998333333333334,NA,NA,-398
1,0,0,0,1.6666666666666666e-4,0.9998333333333334,NA,NA,-399
1,0,0,0,1.3333333333333334e-4,0.9998666666666667,NA,NA,-400
1,0,0,0,1.3333333333333334e-4,0.9998666666666667,NA,NA,-401
1,0,0,0,1e-4,0.9999,NA,NA,-402
1,0,0,0,1e-4,0.9999,NA,NA,-403
1,0,0,0,1e-4,0.9999,NA,NA,-404
1,0,0,0,1e-4,0.9999,NA,NA,-405
1,0,0,0,1e-4,0.9999,NA,NA,-406
1,0,0,0,1e-4,0.9999,NA,NA,-407
1,0,0,0,1e-4,0.9999,NA,NA,-408
1,0,0,0,6.666666666666667e-5,0.9999333333333333,NA,NA,-409
1,0,0,0,6.666666666666667e-5,0.9999333333333333,NA,NA,-410
1,0,0,0,6.666666666666667e-5,0.9999333333333333,NA,NA,-411
1,0,0,0,6.666666666666667e-5,0.9999333333333333,NA,NA,-412
1,0,0,0,6.666666666666667e-5,0.9999333333333333,NA,NA,-413
1,0,0,0,6.666666666666667e-5,0.9999333333333333,NA,NA,-414
1,0,0,0,6.666666666666667e-5,0.9999333333333333,NA,NA,-415
1,0,0,0,6.666666666666667e-5,0.9999333333333333,NA,NA,-416
1,0,0,0,6.666666666666667e-5,0.9999333333333333,NA,NA,-417
1,0,0,0,6.666666666666667e-5,0.9999333333333333,NA,NA,-418
1,0,0,0,6.666666666666667e-5,0.9999333333333333,NA,NA,-419
1,0,0,0,6.666666666666667e-5,0.9999333333333333,NA,NA,-420
1,0,0,0,6.666666666666667e-5,0.9999333333333333,NA,NA,-421
1,0,0,0,6.666666666666667e-5,0.9999333333333333,NA,NA,-422
1,0,0,0,6.666666666666667e-5,0.9999333333333333,NA,NA,-423
1,0,0,0,6.666666666666667e-5,0.9999333333333333,NA,NA,-424
1,0,0,0,6.666666666666667e-5,0.9999333333333333,NA,NA,-425
1,0,0,0,6.666666666666667e-5,0.9999333333333333,NA,NA,-426
1,0,0,0,6.666666666666667e-5,0.9999333333333333,NA,NA,-427
1,0,0,0,6.666666666666667e-5,0.9999333333333333,NA,NA,-428
1,0,0,0,6.666666666666667e-5,0.9999333333333333,NA,NA,-429
1,0,0,0,6.666666666666667e-5,0.9999333333333333,NA,NA,-430
1,0,0,0,6.666666666666667e-5,0.9999333333333333,NA,NA,-431
1,0,0,0,6.666666666666667e-5,0.9999333333333333,NA,NA,-432
1,0,0,0,6.666666666666667e-5,0.9999333333333333,NA,NA,-433
1,0,0,0,6.666666666666667e-5,0.9999333333333333,NA,NA,-434
1,0,0,0,6.666666666666667e-5,0.9999333333333333,NA,NA,-435
1,0,0,0,6.666666666666667e-5,0.9999333333333333,NA,NA,-436
1,0,0,0,6.666666666666667e-5,0.9999333333333333,NA,NA,-437
1,0,0,0,6.666666666666667e-5,0.9999333333333333,NA,NA,-438
1,0,0,0,3.3333333333333335e-5,0.9999666666666667,NA,NA,-439
1,0,0,0,3.3333333333333335e-5,0.9999666666666667,NA,NA,-440
1,0,0,0,0,1,NA,NA,-441
1,0,0,0,0,1,NA,NA,-442
1,0,0,0,0,1,NA,NA,-443
1,0,0,0,0,1,NA,NA,-444
1,0,0,0,0,1,NA,NA,-445
1,0,0,0,0,1,NA,NA,-446
1,0,0,0,0,1,NA,NA,-447
1,0,0,0,0,1,NA,NA,-448
1,0,0,0,0,1,NA,NA,-449
1,0,0,0,0,1,NA,NA,-450
1,0,0,0,0,1,NA,NA,-451
1,0,0,0,0,1,NA,NA,-452
1,0,0,0,0,1,NA,NA,-453
1,0,0,0,0,1,NA,NA,-454
1,0,0,0,0,1,NA,NA,-455
1,0,0,0,0,1,NA,NA,-456
1,0,0,0,0,1,NA,NA,-457
1,0,0,0,0,1,NA,NA,-458
1,0,0,0,0,1,NA,NA,-459
1,0,0,0,0,1,NA,NA,-460
1,0,0,0,0,1,NA,NA,-461
1,0,0,0,0,1,NA,NA,-462
1,0,0,0,0,1,NA,NA,-463
1,0,0,0,0,1,NA,NA,-464
1,0,0,0,0,1,NA,NA,-465
1,0,0,0,0,1,NA,NA,-466
1,0,0,0,0,1,NA,NA,-467
1,0,0,0,0,1,NA,NA,-468
1,0,0,0,0,1,NA,NA,-469
1,0,0,0,0,1,NA,NA,-470
1,0,0,0,0,1,NA,NA,-471
1,0,0,0,0,1,NA,NA,-472
1,0,0,0,0,1,NA,NA,-473
1,0,0,0,0,1,NA,NA,-474
1,0,0,0,0,1,NA,NA,-475
1,0,0,0,0,1,NA,NA,-476
1,0,0,0,0,1,NA,NA,-477
1,0,0,0,0,1,NA,NA,-478
1,0,0,0,0,1,NA,NA,-479
1,0,0,0,0,1,NA,NA,-480
1,0,0,0,0,1,NA,NA,-481
1,0,0,0,0,1,NA,NA,-482
1,0,0,0,0,1,NA,NA,-483
1,0,0,0,0,1,NA,NA,-484
1,0,0,0,0,1,NA,NA,-485
1,0,0,0,0,1,NA,NA,-486
1,0,0,0,0,1,NA,NA,-487
1,0,0,0,0,1,NA,NA,-488
1,0,0,0,0,1,NA,NA,-489
1,0,0,0,0,1,NA,NA,-490
1,0,0,0,0,1,NA,NA,-491
1,0,0,0,0,1,NA,NA,-492
1,0,0,0,0,1,NA,NA,-493
1,0,0,0,0,1,NA,NA,-494
1,0,0,0,0,1,NA,NA,-495
1,0,0,0,0,1,NA,NA,-496
1,0,0,0,0,1,NA,NA,-497
1,0,0,0,0,1,NA,NA,-498
1,0,0,0,0,1,NA,NA,-499
1,0,0,0,0,1,NA,NA,-500
